campaign,impressions,clicks,spend,conversions,reach,ctr,cpc,cpm,cvr,cpa,frequency
497590,27802,8837.0,2.2116198569447163,296,13332,0.3178548305877275,0.00025026817437418994,0.07954894816720799,0.0334955301572932,0.0074716887058943115,2.0853585358535853
29427842,239272,79009.0,131.09247092106472,7060,108793,0.3302057908990605,0.0016592093422403108,0.5478805331215718,0.08935690870660304,0.018568338657374606,2.199332677653893
73328,12950,4218.0,1.001138002477812,798,6600,0.32571428571428573,0.00023734898114694452,0.07730795385929051,0.1891891891891892,0.0012545589003481355,1.9621212121212122
28896342,36445,13012.0,19.886315756985898,595,19100,0.35703114281794485,0.0015283058528270748,0.5456527852102044,0.04572702121118967,0.03342237942350571,1.9081151832460732
6228543,30617,9073.0,13.528854772152684,1291,15541,0.29633863539863475,0.001491111514620598,0.44187395146985936,0.1422903119144715,0.010479360784006726,1.9700791454861335
26091094,30606,10400.0,22.203182126557003,798,13346,0.33980265307456053,0.0021349213583227887,0.7254519416636281,0.07673076923076923,0.027823536499444867,2.2932713921774313
7061828,143611,43944.0,49.22208963488258,2589,60588,0.3059932734957629,0.0011201094491826548,0.34274595702893634,0.05891589295466958,0.01901200835646295,2.3702878457780416
8980584,37815,12607.0,10.732595638390315,1160,13964,0.3333862223985191,0.0008513203488847716,0.2838184751656833,0.09201237407789323,0.009252237619301995,2.7080349470065883
26852338,107659,24346.0,14.535177712237287,1490,53101,0.22613994185344466,0.0005970252900779302,0.13501126438325906,0.061201018647827156,0.009755152827004891,2.027438277998531
5061834,299755,85763.0,141.24441573299453,6465,164036,0.28611032343080184,0.0016469155198977942,0.47119953206116505,0.0753821578069797,0.021847550770764813,1.8273732595283962
4828346,37316,9712.0,9.274128328493948,410,22338,0.2602636938578626,0.0009549143666076964,0.24852954037126024,0.042215815485996705,0.02261982519144865,1.670516608469872
17686799,381084,112964.0,79.42984162550648,3726,188545,0.2964280840969445,0.0007031429625854828,0.2084313212454642,0.03298395949151942,0.02131772453717297,2.0211832718979554
25102583,13342,5906.0,1.1269255234400568,52,5769,0.44266226952480886,0.00019081028165256634,0.08446451232499302,0.008804605485946495,0.021671644681539554,2.312705841566996
2828357,73432,26019.0,30.031212145149308,346,40047,0.35432781348730796,0.0011542031648083826,0.4089662837066852,0.01329797455705446,0.08679541082413095,1.8336454665767723
31262852,1619,739.0,0.6890713133263865,42,839,0.4564546016059296,0.0009324375011182497,0.4256153880953592,0.056833558863328824,0.01640645984110444,1.9296781883194278
1946547,10005,3420.0,1.2911062062849408,129,4029,0.34182908545727136,0.00037751643458624,0.12904609757970423,0.037719298245614034,0.01000857524251892,2.483246463142219
28795042,135054,38564.0,23.611442926562773,2764,43231,0.28554504124276214,0.0006122664382990035,0.17482964537564807,0.07167306296027383,0.008542490204979295,3.1240082348314866
26874680,11239,3352.0,1.4714625997373267,95,5432,0.2982471750155708,0.00043898048918178005,0.1309246907854192,0.028341288782816228,0.015489079997235018,2.069035346097202
13289562,37967,11993.0,6.535166418978923,387,24489,0.3158795796349461,0.0005449150687049882,0.17212754283927945,0.03226882348036354,0.016886734932762076,1.5503695536771611
20898401,3599,888.0,1.2941095629584058,31,1907,0.2467352042233954,0.0014573305889171238,0.35957476047746756,0.03490990990990991,0.041745469772851804,1.8872574724698479
10002432,10561,4289.0,6.112713469757335,313,5310,0.406116844995739,0.0014252071507944357,0.5788006315460027,0.07297738400559571,0.01952943600561449,1.988888888888889
11959615,39801,26960.0,15.466239708510376,496,14292,0.6773699153287606,0.0005736735796925213,0.38858922410267016,0.018397626112759646,0.031181934896190273,2.7848446683459276
29614012,12873,5291.0,3.705296809683701,114,6253,0.4110153033480929,0.0007003017973320169,0.2878347556656336,0.021546021546021546,0.03250260359371668,2.058691827922597
7413800,4119,1565.0,1.7961026885360718,28,2492,0.3799465889779073,0.0011476694495438158,0.43605309262832526,0.017891373801916934,0.06414652459057399,1.6528892455858748
26949222,11824,3593.0,3.8388474026173403,330,5347,0.3038734776725304,0.0010684239918222489,0.324665714023794,0.09184525466184247,0.011632870917022243,2.2113334580138395
27091104,15325,4781.0,4.459877614570813,416,9310,0.311973898858075,0.0009328336361787939,0.2910197464646534,0.0870110855469567,0.01072085965041061,1.646079484425349
11387831,4855,1753.0,0.6714553476637444,69,2046,0.36107106076210094,0.00038303214356174805,0.1383018223818217,0.039361095265259556,0.009731236922662962,2.3729227761485827
7828337,3715,1283.0,1.9243018753569276,124,1755,0.34535666218034994,0.0014998455770513855,0.5179816622764274,0.09664848012470771,0.015518563510942964,2.116809116809117
6516505,16182,6521.0,3.643658069036472,165,8182,0.4029786182177728,0.0005587575631094114,0.2251673507005606,0.025302867658334612,0.02208277617597862,1.9777560498655586
7144711,12846,3516.0,3.5124145021708215,97,6599,0.27370387669313406,0.00099898023383698,0.273424762740995,0.027588168373151308,0.0362104587852662,1.9466585846340354
20922679,17202,6378.0,5.8133860991418915,263,12084,0.37077084059993026,0.000911474772521463,0.33794826759341307,0.04123549702100972,0.022104129654531908,1.4235352532274081
32135670,56466,15178.0,12.597259394821013,470,17678,0.26879892324584703,0.0008299683354078938,0.2230945948857899,0.03096587165634471,0.026802679563448964,3.194139608553004
18496278,1745,162.0,0.12355847694370913,23,1235,0.09283667621776505,0.0007627066478006736,0.07080715011100809,0.1419753086419753,0.005372107693204745,1.4129554655870444
25998435,15596,5307.0,4.347358500802623,94,6647,0.3402795588612465,0.0008191743924632793,0.27874830089783426,0.017712455247785943,0.04624849468938961,2.346321648864149
13661605,47858,13999.0,15.416938615063344,901,27556,0.29251117890425843,0.0011012885645448492,0.32213921632879233,0.06436174012429459,0.01711091966155754,1.7367542458992598
32452108,10145,3079.0,0.6371202951462778,111,6366,0.3034992607195663,0.0002069244219377323,0.06280140908292535,0.03605066580058461,0.005739822478795295,1.5936223688344329
11321105,33775,10077.0,18.78749843280992,739,14596,0.2983567727609178,0.0018643940094085461,0.5562545798019222,0.07333531805100725,0.025422866620852393,2.3139901342833653
29531970,7531,2748.0,1.3180083327807481,1259,4604,0.36489178064002126,0.00047962457524772494,0.17501106530085622,0.4581513828238719,0.0010468692079275204,1.6357515204170288
14289571,81357,24935.0,14.93039382152489,1257,42344,0.3064886856693339,0.0005987725615209501,0.18351701539541637,0.050411068778824945,0.011877799380688059,1.9213347817872661
13300118,11747,3219.0,2.719503329226486,74,5042,0.2740274112539372,0.0008448286204493588,0.23150619981497286,0.022988505747126436,0.036750044989547107,2.3298294327647757
11097337,26066,13308.0,5.288807162663898,1065,11104,0.5105501419473644,0.000397415626890885,0.20290060472124213,0.08002705139765555,0.004966016115177369,2.3474423631123917
3877975,22968,13255.0,4.22463415403909,385,6997,0.5771072796934866,0.0003187200417984979,0.18393565630612546,0.029045643153526972,0.010973075724776857,3.282549664141775
25119476,16094,5232.0,4.153336134139381,271,9878,0.325090095687834,0.0007938333589715942,0.25806736262827024,0.05179663608562691,0.015325963594610262,1.6292771816157117
22445172,11242,4059.0,1.8780888868056054,45,6338,0.3610567514677104,0.0004626974345419082,0.16706003262814495,0.011086474501108648,0.04173530859568012,1.773745661091827
30405203,9857,6839.0,1.3152595436955932,1460,4434,0.6938216495891245,0.0001923175235700531,0.13343406144826958,0.21348150314373446,0.0009008627011613652,2.2230491655390168
28752986,11586,3644.0,3.420191369694874,1096,4622,0.31451752114621095,0.0009385816052949709,0.2952003598908056,0.300768386388584,0.003120612563590213,2.5067070532237126
29614010,12237,5046.0,5.112163016984372,184,7386,0.4123559696003923,0.0010131119732430384,0.41776277004039974,0.0364645263575109,0.02778349465752376,1.656783103168156
3884873,14775,6252.0,0.969551623681184,98,5978,0.42314720812182743,0.00015507863462590915,0.06562109128129841,0.015674984005118364,0.009893383915114122,2.4715623954499835
884761,20375,8282.0,5.412405740176586,236,6896,0.406478527607362,0.0006535143371379602,0.26563954553013924,0.028495532480077277,0.022933922627866893,2.9546113689095126
31452108,4347,1354.0,1.4506321231146433,139,1889,0.3114791810443984,0.0010713678900403569,0.3337087929870355,0.10265878877400296,0.010436202324565779,2.301217575436739
24321351,10650,3536.0,2.8629931192418057,106,5388,0.332018779342723,0.0008096699997855785,0.26882564499923056,0.02997737556561086,0.027009369049450997,1.9766146993318485
27990027,13636,5518.0,2.9727214984916084,117,7020,0.40466412437665006,0.0005387316959934049,0.21800539003311883,0.021203334541500543,0.025407876055483832,1.9424501424501424
73325,5692,1511.0,0.425294716585753,275,2816,0.26546029515108926,0.00028146572904417806,0.07471797550698402,0.18199867637326275,0.001546526242130011,2.0213068181818183
17132183,13069,4713.0,1.793139882940606,98,8170,0.3606243782997934,0.0003804667691365597,0.13720559208360286,0.02079354975599406,0.0182973457442919,1.5996328029375766
31129937,4642,1596.0,2.8265437989242965,126,2377,0.34381732012063765,0.0017710174178723662,0.6089064624998485,0.07894736842105263,0.022432887293049972,1.9528817837610433
12700456,9876,3700.0,4.165030213740521,47,6319,0.37464560550830295,0.0011256838415514923,0.4217325044289714,0.012702702702702703,0.08861766412213874,1.5629055230257953
18104558,2591,1064.0,1.0357561398709147,29,1286,0.41065225781551523,0.0009734550186756717,0.39975150130100917,0.02725563909774436,0.03571572896106603,2.0147744945567654
9097339,20835,7781.0,8.47793251343741,222,10176,0.373458123350132,0.0010895685019197288,0.40690820798835664,0.028531037141755557,0.03818888519566401,2.0474646226415096
28795047,2470,942.0,1.4188849045810585,52,1315,0.3813765182186235,0.0015062472447781939,0.5744473297899022,0.055201698513800426,0.027286248165020358,1.8783269961977187
20530187,12494,4176.0,2.6894282731219823,70,5610,0.33424043540899634,0.0006440201803453023,0.21525758549079416,0.016762452107279693,0.0384204039017426,2.2270944741532976
1415896,11965,4641.0,4.623120446665971,252,6523,0.38788132051817803,0.0009961474782732107,0.38638699930346604,0.05429864253393665,0.0183457160581983,1.8342787061168173
14006998,7238,2232.0,3.782328766501413,60,2479,0.3083724785852445,0.001694591741264074,0.5225654554436879,0.026881720430107527,0.06303881277502356,2.919725695845099
16920604,4861,1526.0,1.3443453535305092,86,2952,0.3139271754782966,0.0008809602578836889,0.27655736546605825,0.0563564875491481,0.015631922715471036,1.646680216802168
22296560,2139,730.0,1.054194583460296,21,1114,0.3412809724170173,0.001444102169123693,0.49284459254805796,0.028767123287671233,0.0501997420695379,1.9201077199281866
29687342,3215,1409.0,0.5752606305739951,158,1883,0.43825816485225505,0.00040827582013768285,0.17893021168709025,0.11213626685592619,0.0036408900669240196,1.7073818374933616
27644431,2564,296.0,0.23522800757827417,38,1929,0.11544461778471139,0.0007946892147914667,0.09174259265923329,0.12837837837837837,0.006190210725744057,1.3291861067910835
29874688,5727,2001.0,2.1096404885488713,45,2973,0.3493975903614458,0.0010542930977255728,0.36836746788001945,0.022488755622188907,0.046880899745530474,1.9263370332996972
27031690,10370,3795.0,0.8055758929902994,104,6424,0.3659594985535198,0.00021227296257978905,0.07768330694216966,0.02740447957839262,0.007745922047983648,1.6142590286425902
11765782,3551,1802.0,1.3467904398165915,115,1505,0.5074626865671642,0.0007473864815852339,0.37927075184922315,0.06381798002219756,0.011711221215796448,2.359468438538206
23852344,5322,2413.0,7.363236851566858,128,1311,0.4534009770762871,0.00305148646977491,1.3835469469310142,0.05304600082884376,0.057525287902866075,4.059496567505721
24982960,2885,1247.0,0.6998871232907112,88,1182,0.4322357019064125,0.0005612567147479642,0.2425951900487734,0.07056936647955092,0.007953262764667172,2.4407783417935702
1341198,2841,862.0,0.7362567556298939,107,1828,0.3034142907426962,0.0008541261666240069,0.259154085051001,0.12412993039443156,0.0068809042582233075,1.5541575492341357
32321347,3574,1105.0,0.5646919570948503,59,2250,0.30917739227756014,0.0005110334453347062,0.15799998799520154,0.05339366515837104,0.0095710501202517,1.5884444444444445
26750602,4550,1338.0,1.5122554397507033,47,2327,0.29406593406593406,0.0011302357546716765,0.3323638329122425,0.035127055306427506,0.032175647654270285,1.9553072625698324
1871873,3001,656.0,0.6403516552910683,77,1733,0.218593802065978,0.0009761458159924821,0.21337942528859322,0.1173780487804878,0.008316255263520367,1.7316791690709752
7828336,1824,580.0,1.8585964688764984,36,790,0.31798245614035087,0.0032044766704767214,1.0189673623226416,0.06206896551724138,0.051627679691013846,2.3088607594936708
2073319,3090,805.0,0.1428003528557073,354,1433,0.2605177993527508,0.00017739174267789726,0.046213706425795247,0.43975155279503103,0.0004033908272760093,2.156315422191207
13810178,943,376.0,0.5618694331682268,17,381,0.3987274655355249,0.001494333598851667,0.5958318485347049,0.04521276595744681,0.03305114312754275,2.4750656167979
21898401,245,129.0,0.08451897404954808,23,150,0.5265306122448979,0.000655185845345334,0.3449754042838697,0.17829457364341086,0.0036747380021542645,1.6333333333333333
21443097,473,146.0,0.039535580402191205,27,324,0.3086680761099366,0.0002707916465903507,0.08358473657968543,0.18493150684931506,0.0014642807556367113,1.4598765432098766
13442441,127,24.0,0.0067617450382498005,8,78,0.1889763779527559,0.0002817393765937417,0.05324208691535276,0.3333333333333333,0.0008452181297812251,1.6282051282051282
29389116,36163,11267.0,15.576923436994388,591,16609,0.31156154080137155,0.0013825262658200398,0.43074201357725816,0.05245406940623058,0.02635689244838306,2.177313504726353
5686703,67793,23999.0,15.86151472587443,698,32929,0.35400410071836325,0.0006609239854108267,0.23396980109855636,0.02908454518938289,0.02272423313162526,2.0587627926751497
9100690,41535,12787.0,8.495005983278714,6359,27362,0.30786084025520644,0.0006643470699365539,0.20452644717175186,0.49730194729021665,0.001335902812278458,1.5179811417294058
497593,191679,78565.0,20.475079417701274,1501,81528,0.409877973069559,0.00026061324276333323,0.10681962769891992,0.019105199516324063,0.013640958972485859,2.351081836914925
3144706,29905,10527.0,9.983543680091545,48,13494,0.3520147132586524,0.0009483750052333566,0.333841955528893,0.004559703619264748,0.20799049333524053,2.216170149696161
30752994,49911,21745.0,8.001536751680034,128,23601,0.4356755023942618,0.0003679713383159362,0.1603160976874844,0.005886410669119338,0.06251200587250026,2.114783271895259
11843320,18463,4899.0,1.9265094028521135,59,11503,0.2653414937984076,0.0003932454384266408,0.10434433206153461,0.012043274137579097,0.03265270174325616,1.6050595496826914
13300124,19317,5808.0,3.9628436144889667,340,14456,0.30066780555986955,0.0006823077848638028,0.20514798439141516,0.05853994490358127,0.011655422395555785,1.336261759822911
4869923,15033,7822.0,6.601415106665643,246,4158,0.5203219583582784,0.0008439548845136337,0.43912825827616864,0.031449757095372025,0.026835020758803427,3.6154401154401152
2946551,48943,31811.0,13.04279652289719,1033,20782,0.6499601577345074,0.0004100090070383575,0.2664895188872196,0.03247304391562667,0.01262613409767395,2.3550668848041574
18323505,12791,4095.0,6.35943162244311,49,7091,0.32014697834414824,0.0015529747551753627,0.4971801753141358,0.011965811965811967,0.1297843188253696,1.8038358482583556
27891651,23789,8908.0,5.51226816307855,279,13984,0.3744587834713523,0.0006187997488862315,0.23171500118031654,0.03132016165244724,0.019757233559421328,1.701158466819222
12289574,42523,15615.0,8.966929809260858,144,20442,0.36721303765021285,0.0005742510284509034,0.21087246453121503,0.009221902017291067,0.062270345897644845,2.0801780647686137
7686710,72214,27040.0,19.534571621230644,730,34404,0.37444262885313095,0.0007224323824419616,0.2705094804501986,0.026997041420118342,0.026759687152370745,2.0990001162655507
17314989,11739,4080.0,1.747676555221873,224,5355,0.3475594173268592,0.0004283520968681061,0.1488778051982173,0.054901960784313725,0.007802127478669076,2.1921568627450982
10123946,5534,2365.0,1.1007713983440661,103,2883,0.42735814962052765,0.0004654424517311062,0.19891062492664727,0.043551797040169135,0.010687100954796759,1.9195282691640652
27323541,18707,7376.0,2.494906523207973,195,13377,0.3942909071470573,0.00033824654598806574,0.13336753745699326,0.026437093275488068,0.012794392426707553,1.3984450923226432
22274902,13149,1991.0,2.312316451542452,42,8555,0.15141835881055593,0.0011613844558224268,0.17585492824872248,0.02109492717227524,0.05505515360815362,1.5369959088252485
32135669,2620,955.0,1.502182723234315,52,654,0.36450381679389315,0.0015729662023395968,0.5733521844405782,0.05445026178010471,0.028888129292967597,4.00611620795107
23852330,9072,3739.0,6.509149546513793,215,3089,0.412147266313933,0.0017408797931301933,0.7174988477197743,0.057502005883926184,0.030275114169831596,2.9368727743606344
14576401,15752,6390.0,6.829091960978532,171,7055,0.40566277298120873,0.0010687154868511005,0.43353808792397996,0.02676056338028169,0.03993621029812007,2.2327427356484764
2390251,48641,15000.0,8.834605471761444,458,19577,0.30838181780802204,0.0005889736981174295,0.18162877966656615,0.030533333333333332,0.01928953159773241,2.484599274659039
2576437,128938,51628.0,10.89911695961518,696,59274,0.4004094991391211,0.00021110864181481326,0.0845299055330095,0.013481056790888665,0.015659650804044797,2.1752876471977594
3892353,37167,13109.0,27.345142655867168,767,17020,0.35270535690262866,0.002085982352266929,0.735737150048892,0.05850942100846746,0.035652076474403084,2.1837250293772033
22589171,16614,3148.0,3.953433218073433,94,9187,0.18947875285903454,0.0012558555330601756,0.23795794017536012,0.02986022871664549,0.04205780019227057,1.808424948296506
13458071,7826,2307.0,2.095106082951643,58,3322,0.2947866087400971,0.0009081517481368196,0.26771097405464384,0.025140875596012136,0.03612251867158005,2.3558097531607465
24267774,8692,3644.0,0.8063428016057439,91,4990,0.41923607915324435,0.0002212795833166147,0.09276838490632121,0.024972557628979142,0.008860909907755428,1.7418837675350702
442617,11404,3129.0,1.869235858358709,131,7027,0.2743774114345844,0.0005973908144323135,0.16391054527873633,0.04186641099392777,0.014268976018005412,1.6228831649352498
26891650,30922,10998.0,9.80558187126818,5491,20268,0.3556691029040812,0.000891578638958736,0.3171069746868954,0.4992725950172759,0.0017857552123963175,1.5256562068284982
17288254,37940,14047.0,6.787772380728814,550,19687,0.3702424881391671,0.000483218650297488,0.17890807540139203,0.03915426781519186,0.012341404328597844,1.9271600548585361
23852343,11602,4851.0,8.079408812291359,160,3083,0.4181175659369074,0.0016655140821050006,0.6963806940433854,0.03298289012574727,0.05049630507682099,3.763217645150827
15574227,8932,3400.0,5.637436419535336,74,4006,0.380653828929691,0.0016580695351574519,0.631150517189357,0.02176470588235294,0.076181573236964,2.229655516724913
29614013,14232,5972.0,3.6301830630874297,126,7230,0.4196177627880832,0.0006078672242276339,0.25507188470260184,0.021098459477561955,0.028810976691170078,1.9684647302904563
14106399,5346,1638.0,2.0420823378382384,699,2610,0.3063973063973064,0.0012466925139427586,0.38198322817774755,0.4267399267399267,0.002921433959711357,2.0482758620689654
14398570,3966,1295.0,0.7568909683221172,59,2083,0.3265254664649521,0.0005844717902101291,0.19084492393396804,0.04555984555984556,0.012828660480035885,1.9039846375420066
26383493,8734,3678.0,1.2711078971384266,54,4517,0.42111289214563774,0.00034559757942860975,0.1455355961917136,0.01468189233278956,0.023539035132193086,1.9335842373256587
25866076,22429,8650.0,2.5244263201921253,99,9045,0.38566142048241114,0.00029184119308579484,0.11255188908074927,0.011445086705202312,0.025499255759516417,2.479712548369265
14102485,13462,4068.0,9.631101432653693,40,5490,0.30218392512256725,0.002367527392491075,0.7154287202981499,0.00983284169124877,0.24077753581634234,2.452094717668488
19000595,7985,2397.0,1.7889249819282655,96,2056,0.300187852222918,0.000746318307020553,0.2240356896591441,0.04005006257822278,0.018634635228419433,3.8837548638132295
2953716,38028,14344.0,2.472930659327459,247,18462,0.37719575049963183,0.0001724017470250599,0.06502920635656514,0.017219743446737313,0.010011865017520077,2.059798505037374
16294809,5015,1910.0,0.7184933604906393,48,3205,0.38085742771684944,0.0003761745342882928,0.143268865501623,0.025130890052356022,0.014968611676888318,1.564742589703588
5743167,7695,2887.0,4.750287128157086,167,3501,0.3751786874593892,0.0016454060021326934,0.6173212642179449,0.05784551437478351,0.02844483310273704,2.197943444730077
11289564,35239,13353.0,7.62596980685708,575,18249,0.3789267572859616,0.0005711053551154857,0.21640710028255855,0.0430614843106418,0.0132625561858384,1.9310099183516904
26945970,4480,1847.0,0.5552060423297713,55,2692,0.4122767857142857,0.00030059883179738565,0.12392992016289539,0.02977801840822956,0.010094655315086751,1.6641901931649332
23385780,14280,3931.0,11.347766354953702,62,6299,0.27528011204481795,0.002886737816065556,0.7946615094505394,0.015772068176036633,0.18302848959602744,2.267026512144785
12843317,27166,14567.0,16.27939762341964,341,7602,0.5362217477729515,0.0011175532109164302,0.5992563359868822,0.023409075307201207,0.04774016898363531,3.5735332807156013
13661597,41107,14403.0,8.411722517213411,202,22410,0.3503782810713504,0.0005840257250026669,0.2046299296278836,0.014024855932791779,0.04164219067927431,1.8343150379294957
14257845,18338,7503.0,7.172689513960538,528,10744,0.4091503980804886,0.0009559762113768544,0.39113804744031727,0.0703718512594962,0.013584639230985868,1.7068131049888309
24119478,12200,3594.0,4.148635244667977,336,8002,0.2945901639344262,0.00115432254999109,0.34005206923508,0.09348914858096828,0.012347128704368979,1.5246188452886777
4828354,7656,2529.0,2.263101561185393,87,3297,0.3303291536050157,0.0008948602456249083,0.2955984275320524,0.03440094899169632,0.02601266162282061,2.3221110100090994
18916124,9307,2224.0,2.502276550294217,204,4846,0.23895992263887397,0.0011251243481538746,0.2688596271939634,0.09172661870503597,0.012266061521050083,1.9205530334296328
14458669,5371,1477.0,0.35698742390317206,25,3126,0.27499534537330106,0.00024169764651535007,0.06646572777940273,0.016926201760324982,0.014279496956126882,1.718170185540627
3788051,6351,1395.0,2.0998057208400223,105,2758,0.21965044874822862,0.0015052370758709837,0.33062599918753305,0.07526881720430108,0.019998149722285925,2.302755620014503
14300126,4284,1461.0,1.034893736959059,87,3052,0.34103641456582634,0.0007083461580828604,0.24157183402405671,0.059548254620123205,0.011895330309874242,1.4036697247706422
27091101,5000,1884.0,2.4929100977112952,185,2699,0.3768,0.00132320068880642,0.49858201954225906,0.09819532908704884,0.013475189717358352,1.852537977028529
22419532,39020,11980.0,4.475217903819702,143,21988,0.3070220399794977,0.00037355742102000857,0.11469036145104312,0.011936560934891486,0.03129523009664128,1.7746043296343461
6210424,21533,9509.0,7.091195089597736,344,9149,0.4416012631774486,0.0007457351024921376,0.329317563256292,0.03617625407508676,0.020613939213946907,2.353590556344956
13947793,23920,8312.0,5.906291705168553,38,9582,0.3474916387959866,0.0007105740742503071,0.24691854954718034,0.004571703561116458,0.15542872908338298,2.496347317887706
20309767,6252,2535.0,1.1778751939298957,174,2744,0.40547024952015354,0.0004646450469151462,0.18839974311098778,0.06863905325443787,0.006769397666263768,2.2784256559766765
9106407,20877,5468.0,3.0120195166948376,2198,11843,0.26191502610528333,0.0005508448274862541,0.14427453737102253,0.4019751280175567,0.0013703455489967413,1.7628134763151229
2462355,2446,1191.0,0.2135116585956311,142,1418,0.48691741618969747,0.00017927091401816214,0.08729013025168893,0.11922753988245172,0.001503603229546698,1.7249647390691114
6015885,2700,1048.0,1.1013930835880092,42,1498,0.38814814814814813,0.0010509475988435203,0.4079233642918553,0.04007633587786259,0.026223644847333555,1.8024032042723632
30534043,7092,5236.0,1.467429368697513,614,3882,0.7382966723068246,0.00028025770983527754,0.20691333455971703,0.11726508785332315,0.0023899501118852004,1.8268933539412673
1632450,7555,2836.0,2.851368331476223,93,3566,0.3753805426869623,0.0010054190167405582,0.3774147361318627,0.032792665726375174,0.030659874532002397,2.118620302860348
23310435,3479,617.0,0.860691198702183,24,2606,0.1773498131647025,0.0013949614241526467,0.2473961479454392,0.03889789303079417,0.03586213327925763,1.3349961627014582
3291799,8320,2889.0,3.3978843590895713,171,5390,0.34723557692307694,0.0011761455033193393,0.40839956239057346,0.059190031152647975,0.01987066876660568,1.5435992578849722
10810197,3064,2028.0,0.5100712814642553,34,1328,0.6618798955613577,0.00025151443859184187,0.16647235034734179,0.016765285996055226,0.015002096513654568,2.3072289156626504
17661709,6185,1719.0,3.2062384687331935,40,3489,0.27793047696038803,0.0018651765379483383,0.518389404807307,0.02326934264107039,0.08015596171832984,1.772714244769275
26903589,2848,1257.0,1.2976078250218503,43,1096,0.4413623595505618,0.0010323053500571602,0.4556207250778969,0.03420843277645187,0.030176926163298846,2.5985401459854014
24097956,5210,1497.0,0.8493559143493699,52,2765,0.2873320537428023,0.0005673720202734601,0.1630241678213762,0.03473613894455578,0.016333767583641728,1.8842676311030742
3858764,2548,833.0,0.4732134494536191,37,1596,0.3269230769230769,0.0005680833726934203,0.185719564149772,0.04441776710684274,0.012789552687935652,1.5964912280701755
28864844,4100,1369.0,1.9839458565392272,95,1545,0.33390243902439026,0.0014491934671579452,0.48388923330225053,0.06939371804236669,0.02088364059514976,2.6537216828478964
31084986,4606,1677.0,0.7529814333483205,55,1274,0.364090316977855,0.00044900502883024477,0.16347838327145472,0.032796660703637445,0.013690571515424008,3.6153846153846154
1716282,5952,1396.0,1.30044585698986,28,3410,0.23454301075268819,0.0009315514734884384,0.2184888872630813,0.02005730659025788,0.046444494892495004,1.7454545454545454
29864831,4069,1569.0,1.657787551351353,158,2265,0.38559842713197345,0.0010565886241882428,0.40741891161252225,0.10070108349267048,0.010492326274375652,1.796467991169978
9097340,5734,2291.0,4.828211902635775,91,2261,0.3995465643529822,0.00210746918491304,0.842032072311785,0.03972064600611087,0.05305727365533818,2.536045997346307
3073302,8614,1847.0,0.3536434434682215,833,4413,0.2144183886696076,0.0001914691085372071,0.04105449773255416,0.4510016242555495,0.0004245419489414424,1.9519601178336732
17051292,2654,883.0,1.12540615276885,126,1251,0.33270535041446875,0.0012745256543248583,0.42404150443438204,0.14269535673839184,0.00893179486324484,2.1215027977617904
28328731,1273,126.0,0.09821982453374356,22,812,0.09897879025923016,0.0007795224169344727,0.07715618580812535,0.1746031746031746,0.004464537478806526,1.5677339901477831
29140152,6322,2763.0,1.1758057186398851,56,4068,0.4370452388484657,0.00042555400602239783,0.18598635220498025,0.020267824828085413,0.02099653068999795,1.5540806293018683
27009860,6755,2673.0,3.2092112427830184,34,2739,0.39570688378978536,0.0012006027844306093,0.47508678649637576,0.012719790497568275,0.09438856596420642,2.4662285505659
16920603,1976,631.0,0.4515325212578032,49,1323,0.319331983805668,0.0007155824425638719,0.2285083609604267,0.07765451664025357,0.009214949413424555,1.4935752078609221
20843295,1305,416.0,0.49015487292136783,4,810,0.31877394636015327,0.0011782569060609803,0.3755976037711631,0.009615384615384616,0.12253871823034196,1.6111111111111112
3858763,1099,464.0,0.3902727554821698,46,638,0.4222020018198362,0.0008411050764701934,0.3551162470265421,0.09913793103448276,0.008484190336568909,1.7225705329153604
24045147,1237,496.0,0.6337295346284632,29,326,0.4009700889248181,0.001277680513363837,0.512311669061005,0.05846774193548387,0.02185274257339528,3.794478527607362
4800911,18333,7842.0,2.219652933562943,207,11457,0.4277532318769432,0.00028304679081394326,0.12107417954306131,0.026396327467482786,0.010722961031705038,1.6001571091908877
12474087,2450,809.0,0.7485652369544893,14,1462,0.3302040816326531,0.0009252969554443626,0.3055368314099956,0.0173053152039555,0.053468945496749236,1.6757865937072502
30491418,186644,72873.0,119.0515204626812,3526,81435,0.39043848181564905,0.001633684910223007,0.6378534561126058,0.04838554745927847,0.03376390257024424,2.2919383557438446
4869922,48085,23125.0,27.387653357737147,664,9839,0.4809192055734637,0.001184330956010255,0.5695675025005126,0.028713513513513512,0.041246465900206544,4.887183656875699
32323516,108748,28589.0,22.09369547759545,605,56645,0.26289219112075624,0.0007728040672145038,0.2031641545370531,0.02116198537899192,0.03651850492164537,1.9198164003883837
9100693,100926,39442.0,20.840787765408272,18990,53237,0.3908011810633534,0.0005283907450283524,0.2064957272200253,0.48146645707621316,0.0010974611777466179,1.8957867648439994
12121528,53027,20952.0,34.24369713163576,3248,22599,0.3951194674411149,0.0016343879883369493,0.6457785115438505,0.15502100038182512,0.010543010200626774,2.3464312580202664
14121532,94354,38950.0,47.79383567314637,5633,55933,0.41280708819975837,0.0012270561148432957,0.5065374618261692,0.14462130937098844,0.008484614889605249,1.6869111258112384
14235907,63451,26621.0,51.163267896228184,1943,27149,0.4195520953176467,0.0019219138235313544,0.8063429716825296,0.07298749107847188,0.02633209876285547,2.3371394894839588
26321366,42947,12254.0,5.166530946932053,748,25842,0.28532842806249564,0.00042161995649845377,0.12030015942748161,0.06104129263913824,0.00690712693440114,1.6619069731444935
15746419,45738,18503.0,28.460216608601442,740,18170,0.4045432681796318,0.001538140658736499,0.622244449005235,0.03999351456520564,0.038459752173785736,2.517226197028068
3610770,4893,2509.0,0.7065544334231357,63,2607,0.512773349683221,0.0002816079846246057,0.14440106957350005,0.02510960542048625,0.011215149736875171,1.8768699654775605
27323540,21846,7647.0,1.5410198399273096,331,16767,0.35004119747322165,0.00020151952921764217,0.07054013732158335,0.0432849483457565,0.004655649063224501,1.3029164430130613
9500303,11140,5425.0,9.841154102590462,140,2446,0.486983842010772,0.0018140376225973202,0.8834070110045299,0.025806451612903226,0.07029395787564616,4.55437448896157
11500306,41625,17663.0,7.034574794922971,386,19419,0.42433633633633633,0.0003982661379676709,0.16899879387202332,0.02185359225499632,0.0182242870334792,2.143519233740151
30535894,72504,37200.0,27.457551164019485,1887,25161,0.5130751406818934,0.0007381062140865452,0.378703949630634,0.050725806451612905,0.014550901517763374,2.8816024800286155
15568932,22990,8161.0,2.8443324975520317,517,12259,0.3549804262722923,0.0003485274473167543,0.12372042181609534,0.06335007964710207,0.005501610246715728,1.8753568806591077
27491436,5382,1371.0,1.507555167404216,37,3579,0.2547380156075808,0.00109960260204538,0.2801105848019725,0.02698760029175784,0.040744734254168004,1.5037720033528919
20938751,35375,11710.0,17.763486637588127,1649,19023,0.33102473498233215,0.0015169501825438195,0.5021480321579683,0.1408198121263877,0.010772278130738706,1.8595910213951532
4293600,29383,7773.0,3.292388468643866,201,14077,0.2645407208249668,0.0004235672801548779,0.11205079361004207,0.025858741798533386,0.016380042132556547,2.0873055338495416
3828354,18815,5877.0,7.396931027813069,672,7369,0.3123571618389583,0.001258623622224446,0.39314010246149717,0.11434405308831036,0.011007337839007543,2.553263672140046
16321090,28296,7129.0,9.134272433278229,549,15972,0.25194373763076056,0.0012812838312916577,0.3228114374214811,0.07700939823257119,0.016638019004149778,1.7716003005259204
3466867,10309,3664.0,4.629633887762659,943,4233,0.35541759627509945,0.0012635463667474507,0.44908661245151416,0.25736899563318777,0.004909473900066447,2.435388613276636
30175072,17378,5581.0,9.610946726255849,209,9351,0.32115318218437106,0.0017220832693524187,0.5530525219389946,0.03744848593442036,0.04598539103471698,1.8584108651481126
31736975,34923,9006.0,5.581243743006437,849,21583,0.25788162528992353,0.0006197250436382897,0.15981570148631094,0.09427048634243837,0.006573903113081788,1.6180790436917944
17321082,90065,33989.0,36.74146963824855,1353,34854,0.3773830011658247,0.0010809811891567434,0.4079439253677739,0.039806996381182146,0.027155557751846676,2.5840649566764218
8710016,29496,11601.0,5.045278410500342,832,12761,0.3933075671277461,0.00043490030260325333,0.17104957996000617,0.07171795534867684,0.006064036551082142,2.311417600501528
30328739,16396,5210.0,10.60709099879477,56,6379,0.3177604293730178,0.002035909980574812,0.6469316295922646,0.010748560460652591,0.18941233926419235,2.57030882583477
787943,36050,9750.0,13.482769659257585,551,16990,0.27045769764216365,0.0013828481701802652,0.37400193229563344,0.056512820512820514,0.02446963640518618,2.1218363743378457
32398755,21474,8303.0,5.245194592640727,251,7546,0.38665362764273076,0.0006317228221896576,0.24425792086433487,0.030230037335902685,0.020897189612114453,2.8457460906440497
15506600,2665,769.0,0.4927604859905752,260,1996,0.2885553470919325,0.000640780866047562,0.18490074521222336,0.3381014304291287,0.0018952326384252891,1.3351703406813626
9100692,40265,14466.0,6.672558512401219,7318,23413,0.35926983732770396,0.0004612580196599764,0.1657160936893386,0.5058758468132172,0.0009118008352557008,1.7197710673557425
23852329,112773,36213.0,54.43829981482116,1274,53491,0.32111409645925887,0.0015032805847298252,0.48272458669026413,0.03518073619970729,0.04273021963486747,2.1082612028191656
28729609,12652,3993.0,4.259967989595899,324,5721,0.3156022763199494,0.0010668590006501124,0.33670312911760186,0.0811419984973704,0.013148049350604627,2.2115014857542388
6336377,11017,3974.0,2.148790019919542,42,5235,0.3607152582372697,0.0005407121338499099,0.19504311699369536,0.010568696527428284,0.051161667140941475,2.1044890162368675
6316933,2340,601.0,0.45955173480542405,25,1193,0.2568376068376068,0.0007646451494266623,0.19638963025872824,0.04159733777038269,0.01838206939221696,1.961441743503772
15506599,6408,2418.0,0.5620002588049592,902,3906,0.37734082397003743,0.00023242359752066136,0.08770291179852673,0.3730355665839537,0.0006230601538857641,1.640552995391705
26534046,6203,2030.0,1.4240738108946565,105,4007,0.3272610027406094,0.000701514192558944,0.22957823809360897,0.05172413793103448,0.013562607722806251,1.5480409283753431
30471712,6690,3561.0,1.9826477014185886,108,3386,0.532286995515695,0.0005567671163770258,0.29635989557826437,0.030328559393428812,0.018357849087209152,1.9757826343768459
7544834,9962,1220.0,0.847123978259359,185,6176,0.1224653683999197,0.000694363916606032,0.08503553285076881,0.15163934426229508,0.00457904853113167,1.6130181347150259
10383101,11380,4527.0,2.726129212108673,191,5876,0.39780316344463973,0.0006021933315901642,0.2395544123118342,0.0421912966644577,0.014272927812087294,1.9366916269571137
8403848,85868,28973.0,18.17168056856678,1118,43417,0.3374132389248614,0.0006271936136598482,0.21162342861795758,0.03858765057122148,0.016253739327877263,1.9777506506667895
24045154,10092,3283.0,3.4832393506027053,172,2651,0.3253071739992073,0.0010609927964065505,0.3451485682325312,0.05239110569600975,0.020251391573271542,3.806865333836288
18436526,23430,6312.0,1.7458908127703803,161,13406,0.26939820742637643,0.0002765986712247117,0.07451518620445499,0.02550697084917617,0.010844042315343977,1.7477248992988215
3694557,3688,1961.0,1.3906274676349468,306,1295,0.5317245119305857,0.0007091420028735068,0.3770681853673934,0.1560428352881183,0.0045445342079573426,2.847876447876448
13576413,6360,2621.0,3.3263766989203525,47,2744,0.4121069182389937,0.0012691250282031105,0.5230152042327598,0.017932086989698587,0.0707739723174543,2.317784256559767
1869939,5723,3366.0,3.0637534881620447,51,1505,0.5881530665734754,0.0009102060273802866,0.5353404662173764,0.015151515151515152,0.060073597807098915,3.8026578073089703
29880998,9789,3114.0,4.401306395985237,1347,5204,0.3181121667177444,0.0014133931907467044,0.4496175703325403,0.4325626204238921,0.0032674880445324704,1.881053036126057
22233130,17524,7301.0,6.886885671903251,87,8070,0.4166286236019174,0.0009432797797429463,0.3929973563058235,0.011916175866319682,0.0791596054241753,2.1714993804213134
29531983,13563,4153.0,0.5601734460931371,1563,7216,0.3062006930620069,0.00013488404673564584,0.04130158859346289,0.376354442571635,0.0003583963186776309,1.8795731707317074
28031695,9532,3597.0,0.8796102372986024,58,4802,0.3773604699958036,0.0002445399603276626,0.09227971436200194,0.016124548234639977,0.015165693746527629,1.9850062473969179
10686810,2888,1021.0,0.4527719913460618,25,2013,0.35353185595567865,0.00044345934509898313,0.15677700531373331,0.024485798237022526,0.01811087965384247,1.4346746150024838
10491643,21645,8018.0,2.606021708247807,167,11552,0.37043197043197046,0.0003250214153464464,0.120398323319372,0.020828136692442007,0.015604920408669504,1.8737015235457064
5121547,20336,5931.0,15.409887441870046,467,10756,0.29165027537372146,0.0025981938023722888,0.7577639379361746,0.0787388298769179,0.032997617648543996,1.8906656749721087
9042365,9071,3283.0,4.492780138390182,131,4698,0.3619226105170323,0.001368498366856589,0.49529050142103204,0.03990252817544929,0.03429603159076475,1.930821626223925
10013589,8385,2432.0,1.8854980229379328,779,4548,0.2900417412045319,0.0007752870160106631,0.22486559605699855,0.3203125,0.0024204082451064605,1.8436675461741425
13445189,7490,2031.0,1.9044156364660332,221,3909,0.27116154873164217,0.0009376738731984407,0.2542610996616867,0.10881339241752831,0.008617265323375716,1.9160910718853927
6442601,5163,2211.0,0.8443054036973197,138,3194,0.42823939570017433,0.00038186585422764343,0.16353000265297687,0.06241519674355495,0.0061181550992559395,1.6164683782091422
15823034,5943,1980.0,3.838952049869586,110,3247,0.3331650681474003,0.0019388646716513062,0.6459619804592943,0.05555555555555555,0.03489956408972351,1.830304896827841
289466,9196,3030.0,2.1430859166231815,92,4894,0.32949108307959984,0.0007072890813937892,0.2330454454788149,0.030363036303630363,0.023294412137208495,1.8790355537392727
24126625,53878,27649.0,9.070622382884197,780,34200,0.5131779204870263,0.0003280633072763643,0.16835484581618096,0.028210785200188073,0.01162900305497974,1.5753801169590644
22723823,15298,5858.0,1.9733038449059677,76,9504,0.3829258726630932,0.00033685623846124404,0.12899096907477892,0.012973711164219871,0.02596452427507852,1.6096380471380471
18498193,15383,3869.0,3.956417640283649,110,4903,0.2515114086979133,0.0010225943758810155,0.25719415200439766,0.02843111915223572,0.03596743309348772,3.1374668570263102
24843279,10357,4597.0,3.0348673612785606,502,4662,0.44385439799169646,0.0006601843291882881,0.2930257179954196,0.10920165325212094,0.006045552512507093,2.2215787215787217
15321102,5236,1977.0,3.9746667861130067,191,2476,0.3775783040488923,0.0020104536095665185,0.7591036642690998,0.09661102680829539,0.020809773749282758,2.11470113085622
20695010,19406,3518.0,1.0743737445160444,176,13207,0.18128413892610531,0.0003053933327220138,0.05536296735628385,0.050028425241614556,0.006104396275659343,1.4693723025668206
3291800,25744,8787.0,7.6702651449673835,338,13589,0.341322249844624,0.0008729105661735955,0.2979437983595161,0.03846591555707295,0.022693092144873916,1.8944734711899331
29091102,11139,3254.0,1.730994711996664,102,6499,0.29212676182781216,0.0005319590387205483,0.1553994714064695,0.0313460356484327,0.016970536392124157,1.7139559932297277
17288262,18009,5211.0,6.724338573129613,268,8173,0.2893553223388306,0.0012904123149356387,0.3733876713381983,0.05142966800997889,0.02509081557137915,2.203474856233941
22726403,6270,1873.0,4.043407544261388,88,2832,0.2987240829346092,0.002158786729450821,0.644881586006601,0.046983449012279764,0.04594781300297032,2.2139830508474576
8634899,4759,1761.0,0.6461159228043427,174,2512,0.3700357217902921,0.0003669028522455098,0.1357671617575841,0.09880749574105621,0.0037133099011743835,1.8945063694267517
6513183,6753,921.0,1.3272351956411994,33,4321,0.13638382940915147,0.0014410805598710091,0.19654008524229222,0.035830618892508145,0.040219248352763616,1.5628326776209212
23346188,3736,1383.0,1.379771514821879,29,2385,0.37018201284796576,0.000997665592785162,0.3693178572863702,0.02096890817064353,0.04757832809730617,1.5664570230607966
32135680,6844,2218.0,1.546351238287449,69,1580,0.32407948568088835,0.0006971827043676505,0.22594261225707904,0.031109107303877368,0.022410887511412302,4.331645569620253
14891867,4189,1472.0,1.9433833738711008,149,2085,0.35139651468130817,0.0013202332702928674,0.4639253697472191,0.10122282608695653,0.013042841435376516,2.0091127098321344
21016759,17174,6196.0,1.9737006452313062,522,8073,0.3607779201117969,0.000318544326215511,0.11492375947544581,0.0842479018721756,0.0037810357188339198,2.1273380403815185
12810171,1342,390.0,0.15660136770742492,31,664,0.2906110283159464,0.0004015419684805767,0.1166925243721497,0.07948717948717948,0.005051657022820158,2.0210843373493974
13823055,6441,1914.0,1.8136707931906562,72,3191,0.29715882626921286,0.0009475813966513355,0.2815821756234523,0.03761755485893417,0.025189872127648002,2.0184895017235975
7697146,2897,1049.0,0.5832818735811032,21,1123,0.36209872281670696,0.0005560361044624435,0.2013399632658278,0.02001906577693041,0.027775327313385865,2.5796972395369546
25259856,7541,1809.0,1.0039629199669815,55,4983,0.23988860893780667,0.0005549822664272976,0.13313392387839565,0.030403537866224434,0.018253871272126937,1.5133453742725267
29531977,1134,314.0,0.13160503943403304,165,725,0.2768959435626102,0.0004191243294077485,0.1160538266614048,0.5254777070063694,0.0007976062996002002,1.5641379310344827
12845408,5695,1810.0,0.45756317735471125,101,3811,0.31782265144863914,0.0002527973355550891,0.08034471946526975,0.05580110497237569,0.004530328488660507,1.494358436106009
8403843,5177,1929.0,2.878427893971332,116,2440,0.37260961947073595,0.001492186570228788,0.5560030701122912,0.06013478486262312,0.024814033568718377,2.12172131147541
27009843,2906,784.0,0.10381421827690256,19,2153,0.2697866483138334,0.00013241609474094713,0.035724094382967156,0.02423469387755102,0.005463906225100135,1.3497445424988388
2865319,5449,1865.0,2.398361245977124,111,2969,0.3422646357129749,0.0012859845822933641,0.44014704459114035,0.05951742627345844,0.02160685807186598,1.8352980801616705
23254639,1555,649.0,0.25288254844269836,18,1205,0.4173633440514469,0.0003896495353508449,0.16262543308212113,0.02773497688751926,0.014049030469038798,1.2904564315352698
4626334,5578,1749.0,1.161876741150117,16,2121,0.3135532448906418,0.0006643091716124167,0.2082962963696875,0.009148084619782733,0.07261729632188231,2.62989156058463
5781045,3770,1588.0,2.2408437929487466,45,1873,0.42122015915119365,0.0014111107008493366,0.59438827399171,0.028337531486146095,0.04979652873219437,2.01281366791244
22695010,6454,1996.0,2.5942733826386464,218,3783,0.30926557173845676,0.0012997361636466163,0.40196364775931925,0.1092184368737475,0.011900336617608469,1.7060533967750462
2694554,14572,6848.0,1.5156237570360098,529,4870,0.4699423552017568,0.00022132356265128648,0.10400931629398916,0.07724883177570094,0.002865073264718355,2.9921971252566735
4406178,1789,471.0,0.6275699492309076,102,1222,0.26327557294577975,0.0013324202743755999,0.35079371114080915,0.21656050955414013,0.00615264656108733,1.4639934533551555
30881002,18892,5292.0,2.300148357165805,2759,9299,0.28011856870633073,0.0004346463259950501,0.12175250673119865,0.5213529856386999,0.0008336891472148622,2.0316163028282612
3139444,4470,1303.0,1.0862287274349387,30,2971,0.29149888143176733,0.0008336367823752408,0.24300418958276035,0.023023791250959325,0.03620762424783129,1.5045439246045103
18899195,3714,2228.0,1.0571553786849837,50,1553,0.5998922994076468,0.00047448625614227274,0.2846406512345136,0.02244165170556553,0.021143107573699672,2.3915003219575017
20898399,5089,1257.0,1.425112261338098,37,2621,0.2470033405384162,0.0011337408602530613,0.2800377797874038,0.0294351630867144,0.038516547603732375,1.941625333842045
6341185,1325,249.0,0.24600529130730192,21,960,0.1879245283018868,0.0009879730574590439,0.18566437079796372,0.08433734939759036,0.011714537681300092,1.3802083333333333
30810420,9593,3033.0,1.3221448490873655,22,5787,0.31616803919524655,0.0004359198315487522,0.13782391838709115,0.007253544345532476,0.060097493140334794,1.6576810091584586
26383495,2560,927.0,1.3032570800901937,47,1083,0.362109375,0.0014058868177887743,0.5090847969102319,0.05070118662351672,0.027728874044472208,2.3638042474607572
29531976,1487,450.0,0.11372688777039286,260,814,0.3026227303295225,0.0002527264172675397,0.07648075841990105,0.5777777777777777,0.0004374111068092033,1.8267813267813269
8403853,1038,405.0,0.18449399192124297,35,499,0.3901734104046243,0.0004555407207931925,0.1777398766100607,0.08641975308641975,0.005271256912035513,2.0801603206412826
9551057,952,339.0,0.26577071227346016,26,641,0.3560924369747899,0.0007839844019866081,0.2791709162536346,0.07669616519174041,0.01022195047205616,1.4851794071762872
336258,1227,570.0,0.6403202884089426,28,630,0.46454767726161367,0.0011233689270332328,0.5218584257611594,0.04912280701754386,0.022868581728890808,1.9476190476190476
21765872,12261,4668.0,1.9109719156863327,88,6452,0.38071935404942503,0.00040937701707076537,0.15585775350186223,0.018851756640959727,0.021715589950981055,1.9003409795412276
15959620,9048,3673.0,4.719258436775065,61,6187,0.40594606542882405,0.0012848511943302655,0.5215802869998967,0.016607677647699427,0.0773648924061486,1.4624212057540003
19602309,114778,40393.0,18.906606233164858,373,67239,0.35192284235654914,0.00046806640341556354,0.1647232591016123,0.009234273265169707,0.050687952367734206,1.7070152738737936
716288,57379,18292.0,8.766629929391842,270,37522,0.31879258962338136,0.0004792603285256856,0.15278464123445584,0.014760551060572929,0.032468999738488304,1.529209530408827
15654890,66911,22491.0,7.2060382281391515,599,39551,0.33613307229005696,0.0003203965243047953,0.10769586806562674,0.026632875372371172,0.01203011390340426,1.6917650628302698
26998428,80051,26706.0,23.406448314348243,986,45687,0.3336123221446328,0.0008764490494401349,0.2923942026251795,0.036920542200254626,0.023738791393862316,1.7521614463632982
10960760,21748,9606.0,5.698250801668624,418,13627,0.4416957881184477,0.0005931970436881765,0.26201263572138234,0.04351447012283989,0.013632178951360345,1.5959492184633448
18095238,29947,7824.0,9.37285302576409,503,15891,0.26126156209303103,0.0011979617875465351,0.3129813679421675,0.06428936605316973,0.0186339026357139,1.884525832232081
12089529,29711,10639.0,4.9199884537052085,677,12117,0.35808286493218,0.00046244839305434804,0.1655948454681838,0.06363380016918883,0.007267338927186423,2.452009573326731
30676250,35243,9926.0,3.272395510160611,101,19087,0.2816445819027892,0.0003296791769253084,0.09285235394718415,0.010175297199274633,0.032399955546144665,1.8464399853303295
27118781,59614,21053.0,20.360785159839196,1308,12718,0.3531552990908176,0.0009671203704858783,0.3415436836957627,0.06212891274402698,0.015566349510580425,4.6873722283377885
19129845,4555,1047.0,1.34526065885107,38,3095,0.22985729967069155,0.0012848716894470584,0.2953371369596202,0.03629417382999045,0.035401596285554476,1.4717285945072698
17710664,30218,10030.0,9.968700478358588,4769,15647,0.33192137136805877,0.0009938883826877954,0.3298927949685151,0.47547357926221334,0.0020903125347784836,1.9312328241835495
21640043,51890,20618.0,12.207199584256951,563,10193,0.3973405280400848,0.0005920651655959333,0.23525148553202838,0.027306237268406246,0.021682414892108263,5.09074855292848
19129839,90154,27237.0,41.170249096568284,1343,40847,0.30211637864099206,0.0015115559384869216,0.4566658062489549,0.04930792671733304,0.03065543491926157,2.207114353563297
26949221,6443,1919.0,1.0906960769890914,133,3315,0.2978426198975632,0.000568366897857786,0.1692838859210137,0.06930693069306931,0.008200722383376628,1.9435897435897436
25998432,44748,14867.0,2.5658987618556908,89,21146,0.3322383123268079,0.00017259021738452214,0.05734108254795054,0.005986412860698191,0.028830323166917873,2.1161448973801193
2869134,55796,20032.0,3.4419285646992357,10676,35367,0.3590221521256004,0.00017182151381286122,0.061687729670572004,0.5329472843450479,0.00032239870407448816,1.5776288630644386
6442596,23825,5520.0,8.016704616563738,500,14657,0.2316894018887723,0.0014523015609716917,0.3364828800236616,0.09057971014492754,0.016033409233127474,1.6255031725455413
25064375,11605,3145.0,2.568007940923332,114,6541,0.27100387763894873,0.0008165367061759402,0.22128461360821472,0.03624801271860095,0.022526385446695895,1.7741935483870968
22891668,16362,3347.0,2.39335985864804,107,9555,0.20455934482337124,0.0007150761453982791,0.14627550780149373,0.03196892739766956,0.022367849146243363,1.7124018838304553
27777499,27804,13982.0,6.801279144352223,1854,13261,0.5028772838440512,0.00048643106453670595,0.2446151325115891,0.13259905592905163,0.003668435352940789,2.096674458939748
26729616,4677,1603.0,0.7711755659875055,55,3057,0.34274107333760956,0.00048108269868216185,0.16488680051047797,0.034310667498440424,0.014021373927045553,1.5299313052011776
23817046,88474,36883.0,17.500509020411997,3087,45719,0.41687953523068927,0.00047448713554786747,0.19780397654013604,0.08369709622319225,0.005669099131976676,1.9351691856777269
29614011,37818,14525.0,15.350545247489402,393,19984,0.3840763657517584,0.0010568361616171706,0.40590579214896083,0.027056798623063684,0.03905991157121985,1.892413931144916
27614018,18027,7304.0,2.6578988259587364,216,11027,0.40517002274366226,0.00036389633433169997,0.1474398860575102,0.029572836801752465,0.012305087157216373,1.6348054774644056
17491634,8755,2747.0,1.5617716321780541,169,4696,0.3137635636778983,0.0005685371795333288,0.17838625153375834,0.06152165999271933,0.009241252261408605,1.8643526405451447
22891661,5559,1957.0,1.5887442993665029,37,3523,0.3520417341248426,0.000811826417663006,0.2857967798824434,0.01890648952478283,0.04293903511801359,1.5779165483962532
29345613,20671,6270.0,8.16988117685878,217,10772,0.3033234966861787,0.0013030113519710974,0.39523395950165835,0.03460925039872408,0.037649222013174104,1.918956554028964
12843318,54739,28323.0,23.99577814640566,879,17675,0.5174190248269058,0.0008472188026129174,0.43836712666299454,0.031034848003389473,0.027298951247332944,3.096973125884017
9810200,29866,18502.0,5.101300851961863,356,9844,0.6195004352775731,0.00027571618484282037,0.17080629652319906,0.01924116311750081,0.014329496775173773,3.033929297033726
28920697,18393,9677.0,7.644825648203219,427,7645,0.5261240689392703,0.0007899995502948454,0.41563777786131784,0.04412524542730185,0.017903572946611754,2.4058862001308046
26389108,13571,2263.0,4.447904440980816,94,8074,0.16675263429371454,0.001965490252311452,0.32775067725155227,0.0415377817057004,0.04731813235085974,1.6808273470398811
13435356,1765,829.0,0.9201524165674464,61,616,0.4696883852691218,0.0011099546641344347,0.521332813919233,0.0735826296743064,0.015084465845367974,2.86525974025974
20097969,18568,5995.0,3.6284622623149883,247,10222,0.32286729857819907,0.0006052480837889888,0.1954148137825823,0.041201000834028355,0.014690130616659872,1.8164742711798083
28385762,4873,1398.0,0.5371070922242076,28,3458,0.2868869279704494,0.0003841967755537966,0.11022103267478095,0.020028612303290415,0.019182396150864558,1.409196067090804
3313894,11754,3953.0,4.314384600419,55,6654,0.33631104304917475,0.0010914203390890464,0.36705671264412115,0.013913483430306097,0.07844335637125455,1.7664562669071235
20377297,20407,6563.0,13.296833666021975,56,9173,0.3216053315038957,0.002026029813503272,0.6515819898084959,0.008532683224135303,0.23744345832182098,2.2246811294015045
23644447,11664,4875.0,3.2220678574051975,1315,6262,0.41795267489711935,0.0006609369963908098,0.27624038558000663,0.26974358974358975,0.002450241716657945,1.8626636857234111
10474106,39851,24393.0,21.967018502751852,3175,12502,0.6121050914657098,0.0009005459969151745,0.5512287898108417,0.13016029188701678,0.006918745985118694,3.187569988801792
22431924,16858,4437.0,3.35411321106563,216,11472,0.26319848143314745,0.0007559416747950485,0.19896270085808698,0.0486815415821501,0.015528301903081621,1.4694909344490934
12843316,9592,6501.0,3.765237390897675,221,2983,0.6777522935779816,0.0005791781865709391,0.3925393443387902,0.03399477003537917,0.01703727326198043,3.2155548105933622
20817326,36496,15643.0,4.362921778285676,379,20154,0.42862231477422186,0.00027890569445027655,0.11954520435898937,0.024228089241194146,0.011511666961175926,1.8108564056762926
7210407,3720,1926.0,0.43494275855945486,88,2856,0.5177419354838709,0.00022582697744519983,0.11692009638695022,0.04569055036344756,0.004942531347266532,1.3025210084033614
25998434,3444,1012.0,0.9130875938156299,35,1892,0.2938443670150987,0.0009022604681972627,0.26512415616017126,0.03458498023715415,0.026088216966160854,1.8202959830866807
4913658,11225,3938.0,2.169001043507367,625,6091,0.3508240534521158,0.0005507874666092858,0.19322949162649153,0.15871000507872016,0.0034704016696117876,1.8428829420456412
16920602,2600,730.0,1.2128022573332256,32,1530,0.28076923076923077,0.001661372955250994,0.4664624066666252,0.043835616438356165,0.0379000705416633,1.6993464052287581
21658041,7037,2658.0,2.7319868468406434,47,5689,0.37771777746198665,0.0010278355330476461,0.3882317531392132,0.017682468021068473,0.05812737972001369,1.236948497099666
10746437,1299,430.0,1.0517559410798627,39,568,0.33102386451116245,0.0024459440490229366,0.8096658514856525,0.09069767441860466,0.026968101053329814,2.2869718309859155
16506604,3748,1217.0,1.6845961175676312,28,2057,0.3247065101387407,0.0013842203102445614,0.4494653462026764,0.023007395234182416,0.06016414705598683,1.8220709771511912
23377306,15433,4425.0,3.5970988109141286,207,9021,0.28672325536188686,0.000812903686082289,0.23307839116919124,0.04677966101694915,0.01737728894161415,1.7107859439086577
26998439,4080,1825.0,0.2530073936577011,62,2572,0.44730392156862747,0.00013863418830558963,0.062011616092573794,0.03397260273972603,0.004080764413833889,1.5863141524105755
2073328,14469,2522.0,1.4604535415683568,1020,6980,0.17430368373764601,0.000579085464539396,0.1009367296681427,0.40444091990483744,0.001431817197616036,2.072922636103152
16422824,6004,2321.0,2.276847525234931,76,2392,0.3865756162558294,0.0009809769604631328,0.379221773023806,0.03274450667815597,0.029958520068880674,2.5100334448160537
16491630,8078,2971.0,2.893725837513153,104,4212,0.3677890566972023,0.0009739905208728215,0.3582230549038317,0.035005048805116123,0.027824286899164934,1.9178537511870846
29880997,5606,1668.0,1.5239029703089981,645,3203,0.29753835176596505,0.0009136108934706224,0.27183427939867966,0.38669064748201437,0.0023626402640449583,1.7502341554792382
12987592,2067,696.0,0.4451435450412445,21,612,0.3367198838896952,0.0006395740589673053,0.2153573028743321,0.03017241379310345,0.02119731166863069,3.377450980392157
18443077,16784,5556.0,2.0404816976269258,164,8722,0.33102955195424216,0.00036725732498684767,0.12157302774230969,0.029517638588912886,0.01244196157089589,1.9243292822747076
12321091,7088,2188.0,1.971075877532543,136,4901,0.30869074492099324,0.0009008573480496084,0.27808632583698406,0.062157221206581355,0.014493204981856933,1.4462354621505815
13462155,11683,3788.0,5.053619726389183,219,5163,0.32423178978002226,0.0013341129161534274,0.4325618185730705,0.05781414994720169,0.02307588916159444,2.26283168700368
5743152,2544,785.0,1.3510597376942466,38,1243,0.3085691823899371,0.0017210952072538174,0.5310769409175498,0.048407643312101914,0.03555420362353281,2.0466613032984715
19860994,3578,836.0,1.0447555197971423,22,1616,0.23365008384572386,0.0012497075595659596,0.29199427607522144,0.02631578947368421,0.04748888726350647,2.214108910891089
2342814,6386,2371.0,3.3547783721312134,196,3372,0.37128092702787346,0.001414921287275923,0.5253332872112768,0.08266554196541544,0.017116216184342926,1.8938315539739028
12654888,3013,1114.0,0.3567754599757794,62,2066,0.3697311649518752,0.0003202652243947751,0.11841203450905391,0.05565529622980251,0.0057544429028351515,1.4583736689254598
32137193,3412,951.0,0.537341839462349,56,2120,0.2787221570926143,0.0005650282223578854,0.15748588495379515,0.058885383806519455,0.00959538999039909,1.609433962264151
15500294,9714,1633.0,1.5313371808241678,23,5410,0.1681078855260449,0.0009377447524948976,0.15764228750506154,0.014084507042253521,0.06657987742713774,1.7955637707948244
73322,735,222.0,0.11504258728980496,52,402,0.3020408163265306,0.0005182098526567791,0.1565205269249047,0.23423423423423423,0.0022123574478808646,1.828358208955224
5121533,11685,3377.0,5.5126257086600265,290,7066,0.2890029952931108,0.0016324032302813226,0.47176942307745195,0.08587503701510216,0.019009054167793193,1.6536937446928957
5892331,8214,2179.0,1.5117590984883869,63,4319,0.26527879230581936,0.0006937857267041702,0.1840466396990975,0.0289123451124369,0.023996176166482332,1.9018291271127576
30471715,1607,742.0,0.2678796451855528,72,928,0.46172993154947106,0.00036102378057352127,0.16669548549194327,0.09703504043126684,0.003720550627577122,1.7316810344827587
16040127,2545,498.0,0.2466913920210833,27,1650,0.19567779960707268,0.0004953642410061914,0.09693178468411918,0.05421686746987952,0.009136718223003085,1.5424242424242425
31748229,2655,1482.0,0.4821553548184861,51,1474,0.5581920903954802,0.00032534099515417415,0.18160277017645426,0.03441295546558704,0.009454026565068354,1.8012211668928086
13466843,5367,2023.0,2.2280802617303537,42,3007,0.37693310974473637,0.001101374326114856,0.4151444497354861,0.020761245674740483,0.053049530041198896,1.7848353841037579
31491419,3747,1385.0,3.0068391974056348,52,1971,0.3696290365625834,0.002171003030617787,0.8024657585817013,0.03754512635379061,0.05782383071933913,1.9010654490106544
11746439,2102,582.0,1.3354994220824796,46,1103,0.2768791627021884,0.00229467254653347,0.6353470133598856,0.07903780068728522,0.029032596132227816,1.9057116953762465
27872610,3139,1162.0,0.9248560897765714,38,2109,0.37018158649251354,0.0007959174610813868,0.2946339884602011,0.03270223752151463,0.024338318152015037,1.4883831199620674
31427832,210,58.0,0.0285804024838897,29,125,0.2761904761904762,0.0004927655600670638,0.13609715468518904,0.5,0.0009855311201341277,1.68
12089516,4948,1629.0,0.4085272943991103,42,3129,0.3292239288601455,0.0002507840972370229,0.08256412578801745,0.02578268876611418,0.00972684034283596,1.5813358900607222
13661607,2307,705.0,0.479832335467122,39,1367,0.305591677503251,0.0006806132417973362,0.20798974229177372,0.05531914893617021,0.012303393217105692,1.6876371616678858
7980574,2768,1075.0,0.2929196626024578,85,1911,0.3883670520231214,0.00027248340707205376,0.10582357752978966,0.07906976744186046,0.0034461136776759737,1.4484563055991628
13442456,20,7.0,0.0020936460226243002,3,14,0.35,0.0002990922889463286,0.10468230113121502,0.42857142857142855,0.0006978820075414334,1.4285714285714286
10341182,437385,194847.0,139.16245501546467,21871,169648,0.44548166946740286,0.0007142139987552524,0.31816924452247947,0.11224704511745112,0.006362875726554098,2.578191313779119
30801593,431587,168971.0,25.59630466605326,11264,221917,0.39151086571189586,0.00015148341825551876,0.05930740422221536,0.06666232667144066,0.0022723992068584215,1.944812700243785
16922675,40899,16729.0,5.774257221155221,4188,24446,0.40903200567251036,0.0003451645179720976,0.14118333507311231,0.25034371450774107,0.001378762469234771,1.6730344432627016
7351509,6314,2323.0,6.617826945061278,148,2788,0.3679125752296484,0.0028488277852179414,1.0481195668453085,0.06371071889797675,0.04471504692608972,2.264705882352941
13166099,63938,15092.0,7.471641164975334,416,29242,0.236041164878476,0.0004950729634889566,0.11685759900177256,0.027564272462231646,0.017960675877344554,2.1865125504411465
30368132,71181,23971.0,48.59824997301851,1954,33532,0.33676121436900297,0.002027376829211068,0.682741882988698,0.08151516415668933,0.024871161705741305,2.1227782416795895
13422843,110601,41405.0,14.285924038998083,479,48250,0.3743637037639804,0.0003450289587972004,0.12916631892114974,0.011568651129090689,0.02982447607306489,2.2922487046632125
32452111,138682,45282.0,21.754784306018,2690,53376,0.3265167793945862,0.0004804289630762334,0.15686811775153228,0.0594055032904907,0.008087280411159107,2.598208932853717
24389111,56560,18010.0,21.321479726278483,801,32833,0.3184229137199434,0.0011838689464896436,0.3769709994037921,0.0444752915047196,0.026618576437301478,1.7226570828130234
12513174,4727,492.0,0.8519694751199228,28,2429,0.10408292786122277,0.0017316452746339896,0.1802347102009568,0.056910569105691054,0.03042748125428296,1.946068340881021
20640037,24747,9460.0,5.598069060909959,207,5725,0.3822685578049865,0.0005917620571786426,0.2262120281613916,0.021881606765327695,0.027043811888453905,4.322620087336245
16823030,92453,31753.0,24.74763388712535,2678,55528,0.3434501854996593,0.0007793793936675385,0.2676779973297281,0.08433848770194942,0.009241088083317904,1.664979829995678
28874676,48067,18497.0,8.346657896082947,99,18310,0.38481702623421477,0.0004512438717674729,0.17364632483997225,0.005352219278801968,0.08430967571800957,2.625177498634626
5544859,50808,26242.0,6.6402158735935775,7509,25649,0.5164934655959691,0.00025303772096614503,0.13069232942831005,0.28614434875390593,0.0008843009553327444,1.9808959413622362
4406179,13924,4387.0,6.919624688380358,333,7401,0.3150675093363976,0.0015773021856349118,0.4969566710988479,0.07590608616366537,0.020779653718859932,1.88136738278611
12288258,14596,3899.0,3.8860201823224405,110,9467,0.2671279802685667,0.0009966709880283252,0.2662387080242834,0.028212362144139524,0.035327456202931276,1.5417766980035914
7289590,77518,25126.0,14.245983902250478,994,44583,0.32413116953481774,0.0005669817679794029,0.18377646356008254,0.03956061450290536,0.014331975756791225,1.7387344952111792
12700454,38880,15833.0,9.653701396169511,826,18636,0.40722736625514405,0.0006097202928168706,0.24829478899612942,0.05216951935830228,0.01168728982587108,2.086284610431423
27385784,17125,5911.0,1.8157927722659855,92,9642,0.34516788321167885,0.0003071887620142083,0.10603169473086047,0.01556420233463035,0.019736877959412886,1.7760838000414851
4407386,13437,3775.0,0.5682618415133791,53,8789,0.2809406861650666,0.0001505329381492395,0.04229082693409087,0.01403973509933775,0.010721921537988285,1.5288428717715326
23330020,8636,3397.0,3.852993137578852,45,2503,0.3933534043538675,0.0011342340705265976,0.44615483297578185,0.013246982631733883,0.08562206972397449,3.450259688373951
24316983,35336,15090.0,8.713309190099334,577,10972,0.42704324201947025,0.0005774227428826596,0.24658448013638598,0.03823724320742213,0.015101055788733681,3.2205614290922346
4814007,48054,16976.0,7.0790489829426155,76,21586,0.353269238773047,0.0004170033566766385,0.14731445837896148,0.004476908576814326,0.0931453813545081,2.2261651070138053
31330666,8917,3393.0,1.822470504088177,146,5107,0.38050913984523943,0.0005371265853487112,0.20438157497904866,0.0430297671676982,0.01248267468553546,1.7460348541217936
9100691,42272,13765.0,7.103154743856768,5235,23281,0.32562925813777444,0.000516030130320143,0.1680345085128872,0.38031238648746823,0.0013568585948150465,1.8157295648812337
13365547,38776,28104.0,11.684691089739179,1906,16527,0.7247782133278317,0.0004157661218950747,0.3013382269893537,0.06781952746939937,0.006130478011405655,2.3462213347855023
8980585,51909,16779.0,12.588861979078285,972,15842,0.32323874472634806,0.0007502748661468672,0.24251790593304215,0.057929554800643664,0.01295150409370194,3.276669612422674
7462178,15098,4582.0,8.498739820372908,27,7511,0.3034839051530004,0.0018548100873795085,0.5629050086351112,0.005892623308598865,0.31476814149529286,2.0101184928771136
9700343,10093,4388.0,2.566272623027193,263,5566,0.4347567621123551,0.0005848387928503175,0.2542626199373024,0.05993618960802188,0.009757690581852446,1.8133309378368667
23330022,8116,1242.0,1.1478655306688221,37,3972,0.15303104977821588,0.000924207351585203,0.14143242122582828,0.029790660225442835,0.031023392720778975,2.0433031218529707
8500299,20444,10271.0,16.291980452729977,267,3569,0.502396791234592,0.0015862117079865619,0.7969076723111904,0.025995521370849966,0.06101865338101115,5.728215186326702
3073305,8282,2333.0,0.42106584806820835,1274,4447,0.2816952426950012,0.00018048257525426847,0.05084108283846998,0.5460780111444492,0.00033050694510848377,1.8623791319991005
31129938,21258,6616.0,8.08624088117437,455,10456,0.3112240097845517,0.001222225042499149,0.38038577858567924,0.0687726723095526,0.01777195798060301,2.0330910482019893
6781040,26999,10784.0,2.721230467406501,820,9510,0.39942220082225266,0.0002523396204939263,0.10079004657233605,0.07603857566765579,0.003318573740739635,2.839011566771819
6810200,96929,35151.0,4.2418939515681435,4443,52276,0.36264688586491145,0.00012067633784438973,0.04376289811684989,0.1263975420329436,0.000954736428442076,1.8541778253883234
13576416,4363,1862.0,2.1046527248083167,61,1727,0.42677057070822827,0.0011303183269647243,0.48238659748070517,0.03276047261009667,0.03450250368538224,2.5263462651997686
8877963,12465,5472.0,2.5832286234272477,136,6261,0.4389891696750903,0.00047208125428129525,0.20723855783612097,0.024853801169590642,0.018994328113435644,1.990896022999521
5474094,2462,1023.0,1.66255288022739,43,1098,0.41551584077985376,0.0016251738809651905,0.6752854915627092,0.042033235581622676,0.03866402047040442,2.242258652094718
23530192,15183,6268.0,7.5912574492323746,193,7631,0.4128301389712178,0.0012111131859017829,0.49998402484570736,0.030791320995532865,0.03933294015146308,1.9896474904992794
30427825,14278,3498.0,4.343545770586559,262,8484,0.24499229583975346,0.0012417226331007886,0.3042124786795461,0.07489994282447113,0.016578418971704423,1.682932578972183
27888153,15028,5264.0,2.9295351804086613,89,8061,0.35027947830715994,0.0005565226406551409,0.1949384602348058,0.01690729483282675,0.03291612562256923,1.8642848281850888
12458065,9407,4263.0,1.6417578155199,121,5458,0.4531731689167641,0.0003851179487496833,0.17452512124161795,0.028383767300023458,0.013568246409255372,1.7235251007695127
15654897,53007,23718.0,13.068200986541376,826,13919,0.4474503367479767,0.0005509824178489491,0.2465372684087267,0.03482587064676617,0.015821066569662683,3.8082477189453265
24936122,2089,352.0,0.5267338884280616,48,1638,0.1685016754427956,0.001496403092125175,0.252146428160872,0.13636363636363635,0.010973622675584617,1.2753357753357752
15073876,91735,28077.0,4.692324594871572,356,53543,0.30606638687523846,0.00016712343180794143,0.05115086493564694,0.012679417316664885,0.013180687064245989,1.7132958556674076
83677,42678,12682.0,13.077068665353666,211,25569,0.29715544308543046,0.001031151921254823,0.3064124060488698,0.016637754297429426,0.06197662874575197,1.6691305878211897
1428788,7613,3763.0,0.9291577018812723,82,3993,0.494286089583607,0.00024691939991529956,0.12204882462646426,0.02179112410310922,0.01133119148635698,1.9065865264212372
7681481,12175,2846.0,0.7003411785702919,59,7555,0.23375770020533881,0.0002460791210717821,0.05752288941029091,0.02073085031623331,0.011870189467293082,1.611515552614163
5044698,98550,35176.0,13.995507003739213,521,62761,0.356935565702689,0.00039787090640604997,0.14201427705468506,0.014811234932908802,0.026862777358424593,1.5702426666241773
10055720,1895,645.0,1.1423926412669025,42,720,0.3403693931398417,0.0017711513818091512,0.6028457209851729,0.06511627906976744,0.02719982479206911,2.6319444444444446
24045148,4924,1263.0,0.9205546887573026,46,1386,0.25649878147847277,0.0007288635698790995,0.1869526175380387,0.03642121931908155,0.02001205845124571,3.5526695526695526
25172774,10909,2759.0,0.8655043843552881,75,6680,0.252910440920341,0.0003137022052755665,0.07933856305392685,0.027183762232693004,0.011540058458070507,1.6330838323353294
15422821,24946,10205.0,7.905285257002076,965,14647,0.4090836206205404,0.0007746482368448874,0.3168959054358244,0.09456148946594807,0.008192005447670545,1.7031474021984023
15500296,7343,1440.0,0.7887662007048073,50,4439,0.1961051341413591,0.0005477543060450051,0.10741743166346279,0.034722222222222224,0.015775324014096145,1.654201396710971
23695013,13902,3940.0,2.058951432369807,82,8164,0.28341245863904474,0.000522576505677616,0.14810469230109388,0.02081218274111675,0.02510916380938789,1.7028417442430182
17132179,3678,751.0,1.4277067916403916,53,2170,0.20418705818379554,0.0019010742898007877,0.3881747666232713,0.07057256990679095,0.026937863993214937,1.6949308755760368
28795043,42824,11250.0,4.149697443841888,469,20650,0.26270315710816367,0.0003688619950081679,0.09690121062586139,0.041688888888888886,0.00884796896341554,2.0738014527845037
29513914,4343,1568.0,1.083099658741114,38,2223,0.3610407552383145,0.0006907523333808124,0.24938974412643655,0.02423469387755102,0.028502622598450367,1.9536662168241115
1632451,4179,1382.0,2.104784379827412,58,2129,0.3307011246709739,0.001522998827660935,0.503657425180046,0.041968162083936326,0.03628938585909331,1.9628933771723813
20730227,14033,4299.0,9.846425083100158,334,8566,0.30634931946126986,0.0022903989493138306,0.7016621594170995,0.07769248662479647,0.029480314620060354,1.6382208732197059
14398567,4650,1307.0,1.3205801579533933,113,2515,0.2810752688172043,0.0010103903274318235,0.2839957328932029,0.0864575363427697,0.011686550070384012,1.848906560636183
31265168,8359,1459.0,1.973931732488202,67,5889,0.17454240937911233,0.0013529347035559987,0.2361444828912791,0.04592186429061001,0.029461667649077643,1.4194260485651213
4804073,3974,1470.0,1.0905603291928934,107,2180,0.3699043784599899,0.0007418777749611519,0.2744238372402852,0.0727891156462585,0.010192152609279376,1.8229357798165138
10810198,9124,5752.0,1.5255641793890147,167,4004,0.63042525208242,0.000265223257890997,0.16720343921405248,0.029033379694019472,0.009135114846640806,2.278721278721279
29175063,13020,4208.0,2.133492646645486,94,7450,0.32319508448540707,0.000507008708803585,0.16386272247661182,0.022338403041825095,0.022696730283462616,1.7476510067114095
26998435,6408,1904.0,1.2620806077120523,37,3781,0.29712858926342073,0.0006628574620336409,0.1969539025767872,0.019432773109243698,0.03411028669492033,1.6947897381645067
26614024,4909,1786.0,2.483580122567524,199,2771,0.36382155225096763,0.0013905823754577402,0.5059238383718729,0.11142217245240761,0.012480302123454894,1.7715626127751714
28726401,6100,1548.0,3.545205040532246,132,3405,0.2537704918032787,0.002290184134710753,0.5811811541856141,0.08527131782945736,0.026857613943426107,1.791483113069016
24419530,4900,2134.0,1.7779179660651443,71,2144,0.43551020408163266,0.0008331386907521764,0.36284040123778455,0.03327085285848173,0.02504109811359358,2.28544776119403
13710655,3599,1048.0,1.0000325725791022,350,2010,0.2911919977771603,0.0009542295539876929,0.27786401016368495,0.33396946564885494,0.002857235921654578,1.790547263681592
6810192,2720,1280.0,0.803858907672315,721,1068,0.47058823529411764,0.0006280147716189961,0.2955363631148217,0.56328125,0.0011149222020420458,2.546816479400749
8710017,17525,6462.0,6.844471804541029,434,8009,0.3687303851640514,0.0010591878372858293,0.3905547392034824,0.06716186939028165,0.015770672360693613,2.1881633162691974
28071513,4902,1668.0,2.3766363259017997,162,2904,0.3402692778457772,0.001424841922003477,0.4848299318445124,0.09712230215827339,0.014670594604332097,1.68801652892562
29874685,12173,5156.0,3.01748000600712,34,5966,0.42356033845395546,0.000585236618698045,0.24788302029139245,0.0065942591155934835,0.08874941194138589,2.0403955749245726
29874686,7325,2833.0,1.5964526993490569,36,3845,0.3867576791808874,0.0005635201903808884,0.21794576100328422,0.012707377338510413,0.04434590831525158,1.9050715214564369
6121534,8031,4322.0,1.235608972187068,85,5323,0.538164612128004,0.00028588823974712356,0.15385493365546857,0.01966682091624248,0.01453657614337727,1.5087356753710315
8877966,2824,1259.0,1.4350265260731612,37,1500,0.44582152974504247,0.0011398145560549335,0.508153869006077,0.02938840349483717,0.03878450070468003,1.8826666666666667
24045153,2317,757.0,0.5644853481245649,46,806,0.32671558049201554,0.000745687381934696,0.2436276858543655,0.0607661822985469,0.012271420611403584,2.8746898263027294
26750599,2081,670.0,0.8750763202253131,24,1065,0.32196059586737147,0.0013060840600377808,0.42050760222263966,0.03582089552238806,0.03646151334272138,1.9539906103286384
2716294,11203,4598.0,3.33800959442214,145,7951,0.4104257788092475,0.0007259698987433971,0.2979567610838293,0.03153545019573728,0.023020755823600966,1.4090051565840775
29036280,1005,377.0,0.38093893594624983,24,505,0.37512437810945276,0.0010104481059582224,0.3790437173594526,0.0636604774535809,0.015872455664427076,1.99009900990099
11835565,1747,653.0,0.18246264339584473,70,1346,0.37378362907842017,0.00027942211852349883,0.10444341350649385,0.10719754977029096,0.00260660919136921,1.2979197622585439
15323491,4915,1884.0,2.633620873970972,92,2151,0.38331637843336724,0.001397887937351896,0.5358333416014186,0.04883227176220807,0.028626313847510566,2.2849837284983727
11642017,2030,564.0,0.8140869690480269,59,1205,0.27783251231527095,0.0014434166117872817,0.4010280635704566,0.10460992907801418,0.013798084221152999,1.6846473029045643
3877978,4686,1652.0,0.8765674933908664,60,3516,0.3525394793000427,0.0005306098628274009,0.187060924752639,0.03631961259079903,0.014609458223181106,1.3327645051194539
21005924,1143,475.0,1.2909026922200426,27,562,0.41557305336832895,0.0027176898783579846,1.1293986808574301,0.056842105263157895,0.047811210822964544,2.0338078291814945
8287704,858,221.0,0.12665075286370248,26,467,0.25757575757575757,0.0005730803297000112,0.1476116000742453,0.11764705882352941,0.004871182802450095,1.8372591006423984
5612724,7141,2381.0,2.6922048196218995,72,2252,0.33342669093964433,0.0011307034101729944,0.3770066964881528,0.030239395212095756,0.03739173360585971,3.1709591474245116
27321366,110260,38174.0,21.520333339709243,1509,52873,0.34621803011064756,0.0005637432110784629,0.1951780640278364,0.039529522711793365,0.014261320967335482,2.0853743876836948
5281156,42222,12404.0,5.797766041285864,360,24057,0.2937804935815452,0.00046741099978118864,0.1373162342211611,0.029022895840051598,0.01610490567023851,1.7550816810076069
28729624,19275,8282.0,5.878306524366555,419,9663,0.4296757457846952,0.0007097689597158362,0.3049705071007292,0.05059164453030669,0.014029371179872446,1.9947221359826142
6697150,10818,3334.0,2.517263055724896,111,6761,0.3081900536143465,0.0007550279111352418,0.23269209241309818,0.03329334133173365,0.022678045547071136,1.6000591628457328
31323522,7731,1142.0,0.8934033120292553,174,4764,0.14771698357262966,0.0007823146340010992,0.11556115793936816,0.15236427320490367,0.005134501793271582,1.6227959697732997
17916128,3458,602.0,0.4307142339674944,90,2430,0.17408906882591094,0.0007154721494476652,0.12455588026821701,0.14950166112956811,0.004785713710749938,1.4230452674897118
804100,19100,5698.0,7.638002608972148,825,7380,0.29832460732984295,0.0013404707983454105,0.3998954245535156,0.14478764478764478,0.009258184980572301,2.5880758807588076
2865314,77647,17219.0,26.26434578374053,1385,44739,0.22176001648486096,0.0015253119103165417,0.33825319437635104,0.08043440385620536,0.018963426558657424,1.735555108518295
28137208,67033,26513.0,12.605017502433085,415,30946,0.39552160875986453,0.00047542780909112835,0.18804197190090083,0.015652698676121148,0.03037353615044117,2.166128094099399
18975823,217646,100798.0,82.15532610817334,5007,90136,0.4631281990020492,0.0008150491687153846,0.3774722536052734,0.0496736046350126,0.016408093890188404,2.414640099405343
15398570,378464,135066.0,155.5724135597602,9489,139144,0.356879386150334,0.0011518251340808213,0.41106264680328963,0.0702545422238017,0.016395027248367604,2.719944805381475
26389107,41414,8071.0,10.602973120865256,528,20935,0.19488578741488385,0.001313712442183776,0.25602388373171525,0.06541940280014868,0.020081388486487228,1.978218294721758
26998434,16229,7365.0,3.6372833124202613,190,8166,0.4538172407418818,0.0004938605991066207,0.22412245439769926,0.025797691785471828,0.01914359638115927,1.9873867254469753
15661602,10586,3680.0,5.845592702984649,37,5856,0.3476289438881542,0.001588476277984959,0.5522003309072973,0.010054347826086956,0.15798899197255808,1.8077185792349726
26091099,12603,4266.0,5.0695328651205,208,6326,0.33849083551535347,0.0011883574461135724,0.4022481048258748,0.04875761837787154,0.024372754159233175,1.992254189061018
18898397,33111,10467.0,13.319632291276111,734,17114,0.3161185104648002,0.0012725358069433563,0.4022721238040564,0.0701251552498328,0.018146637999013775,1.9347317985275214
2736605,35116,15394.0,7.668561286836696,621,15781,0.43837566921061627,0.0004981526105519486,0.21837798401972594,0.04034039236066,0.012348729930493874,2.2252075280400483
16307476,10721,3551.0,5.191823430443025,278,5974,0.3312191026956441,0.0014620736216398268,0.48426671303451396,0.07828780625176007,0.018675623850514477,1.7946099765651156
26491443,5770,2565.0,2.4592315052351186,100,3278,0.4445407279029463,0.0009587647193899098,0.42620996624525453,0.03898635477582846,0.024592315052351186,1.7602196461256865
13770704,12260,3650.0,1.7313168072589882,109,6902,0.29771615008156604,0.0004743333718517776,0.1412167053229191,0.029863013698630137,0.0158836404335687,1.7762967255867865
18498853,45093,7341.0,3.3891195976741817,191,28749,0.1627968864347016,0.00046167001739193323,0.07515844139166127,0.026018253643917723,0.01774408166321561,1.568506730668893
6886817,65388,29746.0,23.124655258279283,1911,27670,0.45491527497400136,0.0007774038613016635,0.35365289132989663,0.06424393195723795,0.012100813845253418,2.363136971449223
8980571,62535,22900.0,9.511791668528097,1065,19320,0.36619493083873034,0.00041536208159511344,0.15210348874275362,0.04650655021834061,0.008931259782655491,3.236801242236025
24119481,17834,4760.0,1.3131119848922246,130,9078,0.26690591005943703,0.0002758638623723161,0.07362969523899432,0.0273109243697479,0.010100861422247882,1.96452963207755
17710659,6528,1890.0,2.2623398629973175,1080,3393,0.28952205882352944,0.0011970052185170993,0.3465594152875793,0.5714285714285714,0.0020947591324049237,1.9239610963748894
7877971,9049,3957.0,0.9582449280132485,167,5233,0.43728588794341916,0.00024216450038242317,0.10589511857810238,0.04220368966388678,0.005737993580917655,1.729218421555513
25998433,27781,9259.0,2.8036389859981217,187,14169,0.3332853389006875,0.0003028014889294872,0.10091929685749691,0.020196565503834106,0.014992721850257336,1.9606888277224928
3694556,6562,3222.0,0.8107160601920513,186,2863,0.4910088387686681,0.0002516188889484951,0.12354709847486306,0.05772811918063315,0.00435868849565619,2.2920013971358713
9100694,6051,2319.0,1.3201883596212662,81,3244,0.38324243926623697,0.0005692920912553972,0.21817688970769564,0.03492884864165589,0.016298621723719337,1.8652897657213316
2716286,36531,14389.0,9.248831769681866,373,20318,0.39388464591716627,0.0006427709896227581,0.25317762365338664,0.025922579748418932,0.024795795629173903,1.7979623978738064
11772330,11433,3303.0,0.9545343500132335,110,7482,0.2889005510364734,0.00028899011505093355,0.08348940348230854,0.03330305782621859,0.008677585000120305,1.5280673616680032
9100689,52153,21023.0,17.621725778069667,6867,29015,0.40310241021609494,0.0008382117575070003,0.33788517972254073,0.3266422489654188,0.0025661461741764476,1.7974495950370497
20496139,6412,1001.0,0.9352948760635016,53,2922,0.15611353711790393,0.0009343605155479537,0.14586632502549932,0.052947052947052944,0.017647073133273614,2.194387405886379
8214946,7536,2585.0,1.1160941978511096,64,5185,0.34302016985138006,0.00043175791019385286,0.1481016716893723,0.024758220502901353,0.017438971841423588,1.4534233365477338
25866075,13349,3031.0,0.7295523499238605,84,6563,0.2270582066072365,0.00024069691518438158,0.054652209897659794,0.02771362586605081,0.008685147022903102,2.033978363553253
21294794,41035,17782.0,6.203260581118595,1483,21112,0.4333373949067869,0.0003488505556809468,0.15116999101056647,0.08339894275109662,0.004182913406013887,1.9436813186813187
12947794,24744,6607.0,5.660972664277995,64,10447,0.2670142256708697,0.0008568143884180408,0.22878163046710295,0.009686695928560618,0.08845269787934368,2.3685268498133434
11028540,14355,4164.0,1.0519896893094498,242,8076,0.29007314524555905,0.00025263921453156816,0.07328385157153952,0.05811719500480307,0.004347064831857231,1.777488855869242
14104562,8226,2817.0,5.054663460876097,116,4272,0.3424507658643326,0.0017943427266155828,0.6144740409526012,0.04117855875044373,0.04357468500755256,1.925561797752809
408759,18808,8513.0,3.9016326851536207,1819,9326,0.4526265418970651,0.0004583146581879033,0.20744537883632605,0.2136732056854223,0.002144932757093799,2.016727428693974
14445192,34519,8198.0,3.5080484161256007,388,14023,0.23749239549233755,0.0004279151520036107,0.10162659451680527,0.04732861673578922,0.00904136189723093,2.461598801968195
28864843,6352,2477.0,4.503273751506782,202,2965,0.389955919395466,0.001818035426526759,0.7089536762447705,0.08155026241421073,0.022293434413399912,2.142327150084317
13462158,18588,5877.0,8.580293013948483,307,7332,0.31617172369270496,0.001459978392708607,0.46160388497678523,0.05223753615790369,0.027948837178985286,2.53518821603928
30175073,10122,3586.0,5.4539453412790655,70,5723,0.354277810709346,0.0015208994259004645,0.5388209189171177,0.019520356943669825,0.07791350487541522,1.7686528044731784
5061823,5738,2017.0,2.3366392468644057,87,3304,0.3515162077378878,0.0011584726062788327,0.40722189732736247,0.04313336638572137,0.02685792237775179,1.736682808716707
22496144,2109,750.0,0.5856241491573435,62,1196,0.35561877667140823,0.000780832198876458,0.27767859135009176,0.08266666666666667,0.009445550792860379,1.7633779264214047
604249,13712,6455.0,0.8532861787844003,185,6127,0.47075554259043173,0.00013218995798364063,0.06222915539559512,0.02865995352439969,0.00461235772315892,2.2379631140851965
23288223,5684,2203.0,0.6714653024503506,205,2789,0.387579169598874,0.0003047958703814574,0.1181325303396113,0.09305492510213345,0.003275440499757808,2.038006453926138
2865315,20016,10702.0,3.224512414571993,95,9691,0.5346722621902478,0.00030129998267351834,0.1610967433339325,0.008876845449448702,0.03394223594286309,2.065421525126406
26998433,6334,2462.0,1.2110472872016182,45,3191,0.3886959267445532,0.0004918957299762869,0.19119786662482133,0.018277822908204712,0.02691216193781374,1.9849576935130053
17686795,9671,3602.0,2.8127645471550005,86,4907,0.3724537276393341,0.0007808896577332039,0.2908452638977355,0.02387562465297057,0.03270656450180233,1.9708579580191563
29513913,10852,5200.0,3.5819823252661527,119,5223,0.4791743457427202,0.0006888427548588756,0.33007577637911467,0.022884615384615385,0.030100691808959266,2.077733103580318
17091415,8214,2951.0,1.861453865592542,102,5307,0.3592646700754809,0.000630787484104555,0.2266196573645656,0.03456455438834293,0.018249547701887664,1.5477671000565292
24491616,9031,4214.0,2.6805696967343837,100,2241,0.4666149928025689,0.0006361105118021794,0.29681870188621234,0.023730422401518746,0.026805696967343837,4.029897367246765
2077112,8596,2516.0,1.926214514222105,34,6145,0.29269427640763146,0.0007655860549372436,0.2240826563776297,0.013513513513513514,0.05665336806535603,1.398860862489829
18975813,45793,18103.0,8.854100538209801,784,19387,0.39532242919223465,0.0004890957597199249,0.19335052384010223,0.043307739048776446,0.011293495584451276,2.3620467323464176
5084322,8162,3038.0,1.1356300409936135,147,4866,0.37221269296740994,0.0003738084400900637,0.13913624613986933,0.04838709677419355,0.007725374428527983,1.6773530620632964
28752988,4102,636.0,0.5964872019378497,51,2715,0.15504631886884446,0.0009378729590217761,0.14541374986295702,0.08018867924528301,0.011695827488977444,1.510865561694291
1313883,5873,1718.0,3.3306402779510744,85,3877,0.2925251149327431,0.001938673037224141,0.567110553031002,0.04947613504074505,0.03918400327001264,1.5148310549393862
18916125,5190,1247.0,1.5921353498130142,185,2861,0.24026974951830443,0.0012767725339318478,0.30676981691965594,0.1483560545308741,0.008606137026016293,1.8140510311080043
26071516,7709,2875.0,4.295999951365978,104,4322,0.37294071864055,0.0014942608526490359,0.5572707162233724,0.03617391304347826,0.04130769184005748,1.7836649699213327
17445189,5251,1532.0,0.7018380701976173,120,3263,0.2917539516282613,0.0004581188447765126,0.1336579832789216,0.0783289817232376,0.0058486505849801446,1.6092552865461232
3406182,7111,2177.0,1.3218861090109741,217,4809,0.30614540852200817,0.0006072053785075674,0.18589313865995982,0.09967845659163987,0.006091641055350111,1.47868579746309
14118031,9778,4751.0,6.273637466428978,244,5865,0.4858866843935365,0.0013204877849776844,0.6416074316249721,0.051357608924436964,0.0257116289607745,1.6671781756180732
26372320,5264,1925.0,2.2328100931948005,400,3058,0.36569148936170215,0.001159901347114182,0.4241660511388299,0.2077922077922078,0.005582025232987001,1.7213865271419229
12407222,10793,5100.0,6.657457140732976,119,2912,0.47252849068840913,0.0013053837530848974,0.6168310146143775,0.023333333333333334,0.055945017989352745,3.7063873626373627
7828339,7603,2413.0,8.193856255371541,182,3406,0.31737472050506377,0.0033957133258895734,1.0777135677195242,0.07542478242851222,0.04502118821632715,2.2322372284204346
24982961,4332,2489.0,0.9299658115325733,189,2233,0.5745614035087719,0.00037363029792389444,0.2146735483685534,0.07593411008437123,0.004920454029272874,1.9399910434393193
17661707,2771,818.0,0.8387233288949799,26,1893,0.2952002887044388,0.0010253341429033985,0.30267893500360155,0.03178484107579462,0.03225858957288384,1.4638140517696778
10321092,2158,830.0,0.76092195939445,24,1645,0.38461538461538464,0.0009167734450535542,0.3526051711744439,0.02891566265060241,0.031705081641435415,1.311854103343465
28257820,1955,500.0,0.553292827224999,33,1166,0.2557544757033248,0.0011065856544499979,0.2830142338746798,0.066,0.01676644930984845,1.6766723842195541
8407229,10567,5382.0,2.39205235191908,96,5308,0.5093214725087537,0.0004444541716683538,0.22637005317678435,0.017837235228539576,0.024917211999157085,1.9907686510926903
14106384,7796,2221.0,1.5978008014226708,920,4658,0.2848896870189841,0.0007194060339588792,0.20495135985411375,0.41422782530391716,0.0017367400015463814,1.673679690854444
5316929,12876,3108.0,1.5987749369343531,101,7632,0.2413793103448276,0.0005144063503649785,0.12416705008809825,0.0324967824967825,0.01582945482113221,1.6871069182389937
21307468,11331,2433.0,1.5310971525003771,131,7065,0.21472067778660311,0.0006293042139335705,0.13512462734978176,0.05384299219071106,0.011687764522903642,1.6038216560509555
9097334,5256,1195.0,0.599248933142721,15,2990,0.2273592085235921,0.000501463542378846,0.1140123540986912,0.012552301255230125,0.0399499288761814,1.7578595317725751
1130498,23247,7126.0,8.219443580187125,159,13510,0.3065341764528756,0.0011534442296080726,0.35357007700723214,0.022312657872579286,0.05169461371186871,1.7207253886010363
18091420,6732,3111.0,4.303960020163092,687,3125,0.4621212121212121,0.001383465130235645,0.639328582911927,0.22082931533269046,0.006264861746962288,2.15424
7892338,2730,780.0,0.4292462106630428,66,1655,0.2857142857142857,0.0005503156546962087,0.1572330441989168,0.08461538461538462,0.006503730464591558,1.649546827794562
12042373,25557,7643.0,2.4850891700767566,167,15858,0.299057009821184,0.0003251457765375843,0.09723712368731684,0.021850058877404162,0.014880773473513513,1.611615588346576
604244,14701,7901.0,0.8131033724681931,231,6578,0.5374464322154956,0.00010291145076170017,0.05530939204599641,0.02923680546766232,0.003519928019342827,2.2348738218303437
7403871,2328,560.0,0.3561497143839293,47,1663,0.24054982817869416,0.0006359816328284451,0.15298527250168784,0.08392857142857142,0.00757765349753041,1.3998797354179193
16184514,634,163.0,0.09823339251233909,34,422,0.25709779179810727,0.0006026588497689514,0.15494225948318469,0.2085889570552147,0.0028892174268335025,1.5023696682464456
25391297,1067,325.0,0.3136254885077857,15,683,0.3045923149015933,0.0009650015031008792,0.2939320417130138,0.046153846153846156,0.020908365900519046,1.562225475841874
25675129,10596,4187.0,2.681952154079316,46,5146,0.3951491128727822,0.0006405426687555089,0.25310986731590374,0.0109863864342011,0.05830330769737643,2.0590750097162847
9610626,39029,12430.0,2.74500100317574,1876,22744,0.3184811294165877,0.0002208367661444682,0.07033234269839708,0.15092518101367658,0.0014632201509465564,1.7160130144213859
20443097,207,50.0,0.0129974533018209,6,170,0.24154589371980675,0.000259949066036418,0.06278962947739565,0.12,0.0021662422169701503,1.2176470588235293
24378636,123950,38110.0,23.87404294407448,999,50697,0.3074626865671642,0.0006264508775668979,0.19261026981907606,0.02621359223300971,0.02389794088495944,2.444917845237391
32368241,30140,8665.0,8.208406768007281,919,18558,0.28749170537491703,0.0009473060320839331,0.2723426266757558,0.10605885747259089,0.008931889845492145,1.6240974242914108
32368244,161056,77584.0,138.09642127198168,18918,56697,0.4817206437512418,0.0017799600597027954,0.8574435058115294,0.24383893586306454,0.007299736825879146,2.840644125791488
14466837,10023,3425.0,3.8362905480174017,181,3251,0.34171405766736507,0.0011200848315379274,0.38274873271649223,0.05284671532846715,0.02119497540341106,3.083051368809597
19530182,107844,49832.0,35.31937156007898,791,59865,0.4620748488557546,0.0007087688946877303,0.3275042798864933,0.015873334403596083,0.044651544323740806,1.8014532698571786
4466870,7170,1957.0,1.336191701659755,22,3333,0.2729428172942817,0.0006827755246089705,0.18635867526635358,0.011241696474195196,0.06073598643907978,2.151215121512151
6686701,194059,76239.0,68.87468581383519,2738,83334,0.3928650565034345,0.0009034048953138838,0.3549162152429683,0.035913377667597945,0.025155108040115115,2.328689370485036
28351001,222470,138590.0,103.70091685005772,6997,73665,0.6229603991549423,0.0007482568500617485,0.4661343859848866,0.05048704812757053,0.014820768450772863,3.0200230774451913
29513908,4219,1705.0,1.0416478465743777,84,2557,0.4041242000474046,0.0006109371534160573,0.24689448840350267,0.04926686217008798,0.012400569602075926,1.649980445834963
6686704,55657,19330.0,22.299840892911774,791,22151,0.34730581957345885,0.0011536389494522386,0.40066552083137386,0.04092084842214175,0.028191960673719058,2.5126179404993003
5177431,17900,4989.0,2.1706483950140494,71,10022,0.27871508379888266,0.00043508687011706743,0.12126527346447204,0.014231308879534978,0.030572512605831683,1.7860706445819199
8892339,28793,10965.0,6.482180703547291,659,13538,0.3808217275032126,0.0005911701508023065,0.22513043807686908,0.06010031919744642,0.009836389534973127,2.126828187324568
22451482,11991,4851.0,3.7615249409284823,60,4728,0.404553415061296,0.0007754122739493882,0.3136956835066702,0.012368583797155226,0.06269208234880803,2.5361675126903553
1341195,13543,4429.0,1.0556225096855962,121,9563,0.32703241526988114,0.0002383433076734243,0.07794598757185234,0.027319936780311582,0.008724152972608234,1.4161873888946983
11042365,6168,2364.0,1.6662872347706805,30,4376,0.3832684824902724,0.0007048592363666161,0.2701503298914852,0.012690355329949238,0.05554290782568935,1.4095063985374772
22391321,23606,7452.0,12.286487638261775,496,11048,0.3156824536134881,0.0016487503540340547,0.5204815571575775,0.06655931293612453,0.024771144431979385,2.136676321506155
30501159,12120,4248.0,7.0375230734979795,370,6013,0.3504950495049505,0.0016566673901831403,0.5806537189354769,0.08709981167608287,0.01902033263107562,2.0156327956095126
20458055,22704,5545.0,5.783582835773126,143,13801,0.24423009161381254,0.0010430266610952437,0.2547384969949404,0.025788999098286743,0.040444635215196686,1.6450981812912109
15491650,24952,10159.0,10.927882020928292,623,8576,0.40714171208720745,0.0010756848135572686,0.43795615665791493,0.06132493355645241,0.017540741606626473,2.9095149253731343
26614035,5144,1675.0,2.233012228526038,114,2486,0.32562208398133746,0.001333141628970769,0.4341003554677368,0.06805970149253732,0.019587826566017878,2.0691874497184233
29687343,5880,2886.0,0.9892162515205958,295,3737,0.49081632653061225,0.00034276377391566034,0.1682340563810537,0.10221760221760222,0.0033532754288833756,1.5734546427615734
32009848,133533,32763.0,9.257886966564486,1071,60138,0.24535508076655207,0.0002825714057493052,0.06933033007993894,0.03268931416536947,0.00864415216299205,2.2204429811433704
17314986,3167,994.0,0.6224199742724627,37,1637,0.3138616987685507,0.0006261770364914111,0.19653298840305106,0.03722334004024145,0.016822161466823315,1.9346365302382407
9700342,3956,1687.0,1.5510340745607598,92,2238,0.4264408493427705,0.0009194037193602607,0.3920713029728918,0.054534676941315946,0.016859066027834345,1.7676496872207328
15518374,603,216.0,0.11502828253692708,54,341,0.3582089552238806,0.0005325383450783661,0.19076000420717593,0.25,0.0021301533803134644,1.7683284457478006
1586481,19068,5814.0,11.170600922579512,68,8805,0.3049087476400252,0.0019213279880597716,0.5858297106450342,0.011695906432748537,0.16427354297911045,2.165587734241908
28739284,61486,22298.0,36.57885110528225,1193,24642,0.3626516605406109,0.0016404543504028276,0.5949134942146546,0.053502556283074716,0.03066123311423491,2.495170846522198
13661608,65598,21340.0,13.117610392190207,670,40779,0.32531479618281045,0.0006146958946668325,0.19996966968795096,0.03139643861293346,0.01957852297341822,1.608622084896638
17435335,8476,3037.0,2.556334468187113,56,3518,0.35830580462482303,0.0008417301508683283,0.30159679898385006,0.018439249259137307,0.045648829789055594,2.4093234792495735
14104561,10170,2893.0,4.9172391872974295,91,5278,0.28446411012782696,0.0016997024498089973,0.4835043448670039,0.03145523677843069,0.054035595464806914,1.9268662372110648
6686703,17029,5948.0,9.667084221589832,286,7500,0.34928651124552235,0.001625266345257201,0.5676836115796483,0.04808338937457969,0.033800993781782626,2.2705333333333333
27589150,39009,17790.0,10.454505618478528,1089,20382,0.45604860416826887,0.0005876619234670336,0.2680023999199807,0.0612141652613828,0.009600096986665314,1.9138946128937298
2953712,5249,1665.0,1.6698557890161287,148,2791,0.31720327681463134,0.0010029163897994767,0.31812836521549415,0.08888888888888889,0.011282809385244114,1.8806879254747402
16920597,3842,1244.0,1.1525050227661373,74,2158,0.3237896928682978,0.0009264509829309786,0.2999752792207541,0.0594855305466238,0.015574392199542396,1.7803521779425393
8867068,41027,13864.0,6.273922678564817,1209,18943,0.33792380627391716,0.00045253337266047434,0.1529217997554005,0.08720427005193307,0.005189348782932024,2.165813229161168
12351511,4383,1724.0,1.4296150604621518,57,2057,0.39333789641797856,0.0008292430745140091,0.3261727265485174,0.03306264501160093,0.025080965973020206,2.1307729703451628
3828360,8613,2559.0,1.922061522575376,440,4601,0.29710902124695227,0.0007510986801779508,0.2231581937275486,0.17194216490816724,0.004368321642216764,1.871984351227994
24526835,5747,1376.0,1.0425319883575659,65,2919,0.23942926744388376,0.0007576540613063705,0.18140455687446772,0.047238372093023256,0.016038953667039474,1.9688249400479616
15959625,24759,6735.0,3.5819050967495047,204,16850,0.2720222949230583,0.000531834461284262,0.14467083067771333,0.030289532293986638,0.017558358317399533,1.4693768545994066
14458654,36130,23043.0,23.84763589207818,2337,10325,0.6377802380293385,0.0010349188860859341,0.660050813508945,0.10141908605650306,0.010204379928146419,3.499273607748184
25843273,3198,1349.0,0.8968371198408245,104,1514,0.42182614133833646,0.0006648162489553925,0.28043687299588005,0.0770941438102298,0.008623433844623312,2.1122853368560106
73327,7395,1699.0,1.4540592577249196,694,3818,0.22974983096686952,0.0008558324059593405,0.19662735060512776,0.4084755738669806,0.0020951862503240915,1.9368779465688841
13104554,10413,2959.0,2.594179779745041,124,4839,0.28416402573705946,0.0008767082729790608,0.24912895224671477,0.04190604934099358,0.020920804675363235,2.1518908865468074
24391301,10648,2539.0,1.3965910765087826,87,6639,0.23844853493613824,0.0005500555638081066,0.13115994332351452,0.034265458842063806,0.016052770994353822,1.6038560024100015
28389117,19759,5956.0,3.9282927799336305,120,12283,0.3014322587175464,0.0006595521793038332,0.1988103031496346,0.020147750167897917,0.032735773166113584,1.6086460962305626
29862638,6915,3054.0,5.056757637084341,144,2135,0.441648590021692,0.0016557818065109171,0.7312737002291165,0.047151277013752456,0.03511637247975237,3.2388758782201403
17710661,9839,3407.0,3.499106151376235,1530,5407,0.34627502794999493,0.0010270343854934649,0.35563636054235537,0.4490754329321984,0.0022869974845596305,1.819678194932495
7336381,5296,1696.0,0.9645946025904366,45,1570,0.3202416918429003,0.0005687468175651159,0.18213644308731808,0.02653301886792453,0.021435435613120814,3.3732484076433122
32042839,1754,613.0,0.7825192996941928,33,1006,0.34948688711516535,0.0012765404562711138,0.4461341503387644,0.053833605220228384,0.023712706051339176,1.7435387673956262
1869938,2575,1178.0,0.8281049948639354,18,612,0.4574757281553398,0.0007029753776434086,0.32159417276269336,0.015280135823429542,0.04600583304799641,4.207516339869281
7845418,5511,3072.0,2.0167366043829067,47,2653,0.5574305933587371,0.0006564897800725608,0.36594748763979434,0.015299479166666666,0.04290928945495546,2.0772710139464756
8892341,26370,7950.0,9.619569067107985,649,13914,0.3014789533560865,0.001210008687686539,0.36479215271550947,0.08163522012578617,0.014822140319118621,1.8952134540750323
7336375,6839,2390.0,2.061462716946927,131,1982,0.34946629624214065,0.0008625367016514338,0.3014275064990389,0.05481171548117155,0.015736356617915472,3.4505549949545915
29903689,5316,450.0,0.7045306327614586,339,2658,0.08465011286681716,0.0015656236283587968,0.13253021684752794,0.7533333333333333,0.002078261453573624,2.0
15743382,8619,2377.0,4.904347630574252,1372,3360,0.27578605406659706,0.002063251001503682,0.5690158522536549,0.5771981489272192,0.0035745973983777346,2.5651785714285715
22891673,9334,3580.0,6.916353623484697,291,3418,0.3835440325691022,0.0019319423529286861,0.740984960733308,0.08128491620111732,0.023767538225033323,2.7308367466354593
7869916,2822,924.0,1.3220340321511497,36,1301,0.32742735648476257,0.0014307727620683438,0.46847414321444,0.03896103896103896,0.03672316755975416,2.169100691775557
30487330,2802,1050.0,0.08462233855845895,171,1971,0.3747323340471092,8.059270338900853e-05,0.030200691848129534,0.16285714285714287,0.0004948674769500523,1.421613394216134
12042241,1113,424.0,0.21567934181383303,34,322,0.38095238095238093,0.0005086776929571534,0.19378197826939175,0.08018867924528301,0.00634351005334803,3.4565217391304346
31129939,5452,1662.0,1.4692618745129176,64,2898,0.3048422597212032,0.0008840324154710695,0.2694904391989944,0.03850782190132371,0.022957216789264337,1.8812974465148378
8695046,3105,1251.0,0.3899606367713343,84,1339,0.4028985507246377,0.0003117191341097796,0.12559118736596916,0.0671462829736211,0.004642388532992075,2.318894697535474
17661711,5252,2037.0,2.2669070051268956,105,1882,0.38785224676313784,0.001112865490980312,0.43162738102187653,0.05154639175257732,0.021589590525018052,2.7906482465462275
12843319,1874,901.0,0.5327283462313613,14,679,0.4807897545357524,0.0005912634253400237,0.28427339713519817,0.01553829078801332,0.038052024730811526,2.759941089837997
13442454,635,236.0,0.05540379544132726,58,442,0.3716535433070866,0.00023476184509036975,0.0872500715611453,0.2457627118644068,0.0009552378524366769,1.4366515837104072
12100671,39019,12752.0,6.6833686610369725,251,22468,0.3268151413413978,0.0005241035650123097,0.17128498067702844,0.019683186951066498,0.02662696677703973,1.736647676695745
20717215,15868,5102.0,4.209321963176341,63,5716,0.3215276027224603,0.0008250337050522033,0.26527110935066434,0.012348098784790278,0.0668146343361324,2.7760671798460463
2407403,9382,1701.0,0.6871601610785797,296,5794,0.18130462587934343,0.0004039742275594237,0.07324239619255805,0.17401528512639625,0.0023214870306708774,1.619261304798067
2144729,15177,1704.0,1.3531199323431402,343,9406,0.1122751531923305,0.0007940844673375236,0.08915595521797062,0.20129107981220656,0.003944956070971254,1.6135445460344462
31772643,195759,90476.0,43.04398073002249,4609,73618,0.4621805383149689,0.0004757502622797481,0.21988251232394165,0.05094168619302356,0.009339114933830004,2.6591186937977125
25419531,52053,18094.0,6.814144875413578,399,28936,0.3476072464603385,0.00037659693132605164,0.130907822323662,0.02205150878744335,0.017078057331863603,1.7989010229471938
14661605,125045,41244.0,78.52309191120005,3002,49489,0.3298332600263905,0.0019038670330520815,0.6279586701683398,0.07278634468043836,0.026156926019720205,2.526723110186102
5871888,22314,6385.0,0.2231399999999925,352,18138,0.28614322846643364,3.494753328112647e-05,0.009999999999999664,0.05512920908379013,0.0006339204545454333,1.2302348660271254
21096019,22209,8216.0,4.576331945627613,55,9942,0.36994011436804897,0.0005570024276567202,0.206057541790608,0.006694255111976631,0.08320603537504752,2.2338563669281837
25920690,55096,32378.0,12.749021966214853,5868,24894,0.5876651662552635,0.0003937556972702098,0.23139650730025507,0.1812341713509173,0.00217263496356763,2.213224070057042
15184511,256102,93175.0,153.82655881254266,19877,91621,0.3638198842648632,0.001650942407432709,0.6006456756001228,0.21332975583579286,0.007738922312851167,2.795232534026042
20916101,1742,785.0,0.406124101742467,49,639,0.4506314580941447,0.0005173555436209771,0.23313668297500978,0.062420382165605096,0.00828824697433606,2.7261345852895147
26852339,159742,32700.0,17.183101768317027,1320,48953,0.20470508695271125,0.0005254771182971568,0.1075678391926796,0.04036697247706422,0.013017501339634112,3.2631707964782546
21257831,21605,9122.0,5.237176133614335,276,9988,0.4222170793797732,0.0005741258642418697,0.2424057455965904,0.03025652269239202,0.018975275846428753,2.1630957148578296
13947795,57717,18661.0,26.180529385510535,317,23636,0.32331895282152573,0.0014029542567660113,0.45360170115408865,0.01698729971598521,0.08258842077448118,2.4419106447791505
10321103,22396,8263.0,14.078519310998834,95,10830,0.3689498124665119,0.0017038024096573683,0.6286175795230771,0.011497034975190609,0.1481949401157772,2.0679593721144967
5867090,62059,19781.0,4.29893123036852,570,22412,0.3187450651799094,0.0002173262843318599,0.06927168066466621,0.02881553005409231,0.0075419846146816145,2.7690076744601106
12002431,11658,4969.0,1.7334514071255063,193,5688,0.4262309143935495,0.0003488531710858334,0.14869200610100414,0.03884081304085329,0.008981613508422312,2.04957805907173
23852331,4769,1659.0,1.8657189491306045,97,1797,0.34787167120989726,0.00112460455041025,0.3912180644014688,0.05846895720313442,0.019234215970418602,2.6538675570395105
9095251,31811,19456.0,6.600025452373162,886,9266,0.6116123353556946,0.0003392282818859561,0.20747620170296946,0.04553865131578947,0.007449238659563388,3.4330887114180877
7121544,126687,46127.0,39.56847093062809,1557,46511,0.36410207835058056,0.0008578158330398267,0.3123325276518355,0.03375463394541158,0.025413276127571025,2.723807271398164
7075386,8661,4113.0,1.1078002182581477,94,4100,0.4748874263941808,0.00026934116660786475,0.12790673343241515,0.02285436421103817,0.011785108704873912,2.112439024390244
828346,10610,3629.0,1.557259715548444,53,6548,0.34203581526861454,0.00042911538042117496,0.14677282898665825,0.014604574262882336,0.029382258783932906,1.6203420891875382
16184517,56866,14747.0,8.138200411181556,7425,22226,0.25932894875672635,0.0005518546423802506,0.14311188427498955,0.5034922357089577,0.0010960539274318594,2.5585350490416627
6697149,5575,1688.0,1.3878644729457479,53,1728,0.30278026905829597,0.0008221945929773388,0.24894430007995477,0.03139810426540284,0.026186122131051846,3.2262731481481484
946549,14323,4168.0,2.113092489557416,202,9162,0.29100048872442924,0.0005069799639053301,0.14753141726994454,0.048464491362763915,0.01046085390870008,1.5633049552499454
11803618,15887,4283.0,2.420344935362923,334,11061,0.2695914898974004,0.0005651050514506008,0.15234751276911457,0.07798272239084754,0.007246541722643483,1.436307747943224
30676243,8380,3068.0,2.904899069383893,60,4776,0.36610978520286397,0.0009468380278304737,0.34664666699091806,0.01955671447196871,0.048414984489731555,1.754606365159129
27729624,23205,7636.0,9.321758951248087,299,13019,0.3290670114199526,0.0012207646609806297,0.40171337863598744,0.0391566265060241,0.031176451341966848,1.7823949612105385
12987593,13196,5185.0,4.978226113680945,31,4929,0.392922097605335,0.0009601207548082826,0.37725266093368787,0.005978784956605593,0.16058793915099823,2.677216473929803
5700346,13267,4312.0,3.260837529529338,67,7043,0.32501695937288005,0.0007562239168667297,0.2457855980650741,0.015538033395176253,0.048669216858646835,1.8837143262814142
3422224,6856,2030.0,0.9149336651185436,85,4247,0.2960910151691949,0.000450706238974652,0.13345006784109445,0.04187192118226601,0.010763925471982865,1.614315987756063
12765785,9025,2949.0,0.7955233740204586,55,6133,0.32675900277008313,0.0002697603845440687,0.08814663424049403,0.01865038996269922,0.01446406134582652,1.4715473667047123
21443086,17633,6115.0,5.360724573274169,237,10406,0.34679294504622016,0.0008766516064225951,0.3040165923707916,0.03875715453802126,0.022619091026473286,1.6945031712473573
9013587,16055,5394.0,3.133600414660512,24,8195,0.3359701027717222,0.0005809418640453304,0.1951790977677055,0.004449388209121246,0.130566683944188,1.9591214154972545
32385772,6090,1515.0,1.132830117564426,50,3377,0.24876847290640394,0.0007477426518577069,0.1860147976296266,0.033003300330033,0.02265660235128852,1.8033757773171455
29513915,4174,1799.0,1.4497286834010479,68,1945,0.4310014374700527,0.0008058525199561133,0.3473235944899492,0.03779877709838799,0.021319539461780116,2.1460154241645246
11938638,44185,12172.0,13.833948802664219,92,16661,0.27547810342876544,0.0011365386791541423,0.3130915198068172,0.007558330594807755,0.15036900872461106,2.652001680571394
3406183,8107,2163.0,2.462077614104897,120,3505,0.2668064635500185,0.0011382698169694393,0.3036977444313429,0.05547850208044383,0.020517313450874142,2.312981455064194
30848316,11609,3569.0,2.353739554830097,396,6171,0.30743388750107675,0.000659495532314401,0.20275127528900827,0.11095544970579994,0.005943786754621457,1.8812186031437368
24942663,2802,733.0,0.8397265066450879,25,1850,0.261598857958601,0.0011456023283016206,0.2996882607584182,0.034106412005457026,0.033589060265803515,1.5145945945945947
12491647,10794,3742.0,0.7471905281379022,33,5342,0.3466740781915879,0.00019967678464401448,0.06922276525272394,0.008818813468733297,0.022642137216300068,2.020591538749532
28233117,1018,137.0,0.13085847580296225,50,787,0.13457760314341846,0.0009551713562260018,0.12854467171214368,0.36496350364963503,0.002617169516059245,1.2935196950444727
24867560,22048,6952.0,6.2341245761265185,511,6530,0.3153120464441219,0.0008967382877051954,0.2827523846211229,0.07350402761795168,0.01219985239946481,3.376416539050536
5121534,12508,3311.0,5.140188374901126,274,7391,0.2647105852254557,0.0015524579809426536,0.41095206067325923,0.0827544548474781,0.018759811587230387,1.6923285076444323
9106406,19642,6142.0,5.798340610249364,3027,9625,0.31269728133591285,0.0009440476408742046,0.29520113075294596,0.4928362097036796,0.0019155403403532754,2.0407272727272727
29513916,9508,4348.0,3.1272104100777294,55,3776,0.4572991165334455,0.0007192296251328725,0.32890307215794373,0.012649494020239191,0.05685837109232235,2.518008474576271
26998432,12526,4635.0,2.4465951441410874,142,5828,0.3700303368992496,0.0005278522425331365,0.1953213431375609,0.03063646170442287,0.017229543268599205,2.149279341111874
27684173,13767,4456.0,3.209152222467939,212,5394,0.3236725503014455,0.0007201867644676704,0.23310468674859733,0.04757630161579892,0.015137510483339335,2.552280311457175
15885288,6794,1995.0,1.3007519788947548,47,3876,0.29364144833676775,0.0006520060044585237,0.19145598747346992,0.02355889724310777,0.027675574019037336,1.7528379772961817
13576407,25560,7438.0,3.898245175537423,155,15523,0.29100156494522694,0.0005240985715968571,0.15251350452024348,0.020838935197633773,0.025149968874434988,1.6465889325516976
10245630,9192,3161.0,2.6124935930662336,353,4432,0.34388598781549173,0.0008264769354844144,0.28421383736577827,0.11167352103764631,0.007400831708402928,2.0740072202166067
28091103,2960,1070.0,0.64601305215195,36,1710,0.3614864864864865,0.0006037505160298598,0.21824765275403718,0.03364485981308411,0.017944807004220836,1.7309941520467835
3892354,3860,829.0,0.4702593860068869,25,2507,0.21476683937823834,0.000567261020514942,0.1218288564784681,0.030156815440289506,0.018810375440275477,1.53968887116075
29534051,17175,6011.0,3.7395091527359265,389,9330,0.3499854439592431,0.0006221109886434747,0.21772979055231012,0.06471468973548494,0.009613134068729889,1.8408360128617363
8891880,6137,2112.0,2.9928226472108506,70,2423,0.3441420889685514,0.0014170561776566527,0.48766867316455115,0.03314393939393939,0.042754609245869296,2.532810565414775
30729721,30570,8702.0,9.970296660057352,783,15518,0.2846581615963363,0.0011457477200709438,0.3261464396485886,0.08997931509997702,0.012733456781682442,1.9699703570047686
7299461,15028,2728.0,2.279248695208669,76,6087,0.18152781474580781,0.0008355017211175472,0.1516668016508297,0.02785923753665689,0.029990114410640378,2.468868079513718
26949223,2847,982.0,0.9848447614629634,99,1741,0.3449244819107833,0.0010028969057667653,0.34592369563152914,0.10081466395112017,0.009947926883464277,1.6352670878805284
3073303,3429,913.0,0.17358321585146022,439,1508,0.2662583843686206,0.00019012400421846684,0.05062211019290178,0.48083242059145676,0.0003954059586593627,2.273872679045093
32405311,2576,1206.0,1.5898249147495405,57,1233,0.46816770186335405,0.001318262781716037,0.6171680569679894,0.0472636815920398,0.02789166517104457,2.089213300892133
19661713,14715,3064.0,4.803167343211678,129,9570,0.20822290180088346,0.0015676133626669967,0.32641300327636275,0.04210182767624021,0.037233855373733936,1.5376175548589341
13458070,2297,930.0,1.1152400093011716,14,917,0.40487592511972137,0.0011991828057001845,0.4855202478455253,0.015053763440860216,0.0796600006643694,2.504907306434024
31775712,9194,2662.0,1.8759810701601103,116,4827,0.2895366543397868,0.000704726172111236,0.20404405809877205,0.04357625845229151,0.016172250604828537,1.9047027139009738
5442463,14336,3722.0,3.0642017880354895,875,3640,0.25962611607142855,0.0008232675411164668,0.2137417541877434,0.2350886620096722,0.003501944900611988,3.9384615384615387
3960115,1405,221.0,0.5075285507390863,27,948,0.15729537366548044,0.0022965092793623817,0.361230285223549,0.12217194570135746,0.01879735373107727,1.4820675105485233
32398758,11209,4298.0,3.558579489822532,228,5531,0.3834418770630743,0.0008279617240164104,0.3174751975932315,0.05304792926942764,0.015607804779923386,2.0265774724281322
21830168,7261,2648.0,1.8901014042414812,24,4188,0.3646880594959372,0.000713784518218082,0.26030869084719477,0.00906344410876133,0.07875422517672838,1.7337631327602674
18836888,7084,1783.0,1.7012585972189487,46,3630,0.25169395821569734,0.0009541551302405769,0.24015508148206502,0.025799214806505887,0.03698388254823801,1.9515151515151514
10462151,8126,3016.0,3.222733127031321,92,4276,0.37115431946837313,0.0010685454665223212,0.3965952654481074,0.03050397877984085,0.035029707902514355,1.9003741814780168
690012,17430,3250.0,2.244154407160884,266,10129,0.18646012621916236,0.0006905090483571952,0.1287524043121563,0.08184615384615385,0.008436670703612346,1.7208016586040082
4676898,5973,1872.0,1.7596599922477316,81,1404,0.3134103465595178,0.0009399893120981473,0.2946023760669231,0.04326923076923077,0.021724197435157182,4.254273504273504
24843272,14579,3701.0,1.2081309953302986,2391,6989,0.25385828932025517,0.00032643366531486044,0.08286789185337118,0.6460416103755742,0.0005052827249394808,2.0859922735727574
27009857,7266,2081.0,0.9212456331208466,57,3327,0.28640242224057255,0.0004426937208653756,0.12678855396653546,0.02739067755886593,0.016162204089839413,2.1839495040577095
22071674,2728,1125.0,1.5306588991553198,64,1123,0.4123900293255132,0.001360585688138062,0.561091971831129,0.05688888888888889,0.023916545299301872,2.429207479964381
8904991,1462,536.0,0.38950525041622797,76,662,0.36662106703146374,0.0007266889000302761,0.2664194599290205,0.1417910447761194,0.005125069084424052,2.2084592145015107
25045155,1264,529.0,0.9225280939623682,43,522,0.4185126582278481,0.0017439094403825487,0.7298481756031394,0.08128544423440454,0.021454141720055074,2.421455938697318
20445163,3850,1318.0,0.640349379377932,46,1625,0.34233766233766233,0.00048584930150070716,0.16632451412413818,0.03490136570561457,0.013920638682128957,2.3692307692307693
7336371,5694,2007.0,1.2460142736181206,100,1988,0.35247629083245524,0.0006208342170493874,0.2188293420474395,0.04982561036372696,0.012460142736181205,2.8641851106639837
2865318,3989,1310.0,2.955701514376419,104,1570,0.3284031085485084,0.0022562606979972667,0.7409630269181297,0.07938931297709924,0.028420206869004032,2.540764331210191
3073304,5064,981.0,0.3056008531656992,434,3038,0.19372037914691942,0.00031151972799765463,0.06034771981945086,0.44240570846075433,0.0007041494312573713,1.6668861092824228
8403854,1886,844.0,0.7485788576664668,31,913,0.44750795334040294,0.0008869417744863351,0.396913498232485,0.03672985781990521,0.024147705086015058,2.0657174151150053
22071675,2504,1036.0,1.7295795981808586,111,916,0.41373801916932906,0.0016694783766224503,0.6907266765897997,0.10714285714285714,0.015581798181809537,2.7336244541484715
4084327,929,340.0,0.25378003343523886,41,532,0.36598493003229277,0.0007464118630448202,0.2731754934717318,0.12058823529411765,0.006189756913054606,1.7462406015037595
11765780,1409,867.0,0.6104109092555753,51,613,0.6153300212916962,0.0007040494916442622,0.4332227886838717,0.058823529411764705,0.011968841357952457,2.298531810766721
6886825,3248,1117.0,0.5017929293896837,63,2181,0.3439039408866995,0.0004492327031241573,0.1544928969795824,0.05640107430617726,0.007964967133169583,1.48922512608895
13343035,17389,6423.0,1.526243270978563,589,10859,0.36937144171602737,0.00023762155861413093,0.08777061768811105,0.09170169702631169,0.002591244942238647,1.6013445068606686
